scenario_name,controller_name,seed,sim_duration,average_vehicle_queue_length,max_vehicle_queue_length,average_vehicle_waiting_time,max_vehicle_waiting_time,average_ped_waiting_time,max_ped_waiting_time,switch_count,shield_hold_min_hold,shield_hold_small_gain,shield_override_starvation,shield_override_demand
intersection_balanced,fixed_time,0,300.0,4.573,13,7.9,70.0,6.3,85.0,11,0,0,0,0
intersection_balanced,fixed_time,1,300.0,4.543,12,8.0,69.0,6.3,83.0,11,0,0,0,0
intersection_balanced,fixed_time,2,300.0,4.263,12,7.5,64.0,6.1,82.0,11,0,0,0,0
intersection_balanced,fixed_time,3,300.0,4.147,12,7.1,67.0,6.4,82.0,11,0,0,0,0
intersection_balanced,fixed_time,4,300.0,4.137,12,7.4,70.0,6.3,81.0,11,0,0,0,0
intersection_balanced,fixed_time,5,300.0,4.34,12,7.6,70.0,6.2,86.0,11,0,0,0,0
intersection_balanced,fixed_time,6,300.0,4.34,12,7.6,67.0,6.4,80.0,11,0,0,0,0
intersection_balanced,fixed_time,7,300.0,4.083,11,7.1,63.0,6.4,82.0,11,0,0,0,0
intersection_balanced,fixed_time,8,300.0,4.357,12,7.6,68.0,5.9,83.0,11,0,0,0,0
intersection_balanced,fixed_time,9,300.0,4.37,12,7.6,70.0,6.2,82.0,11,0,0,0,0
intersection_balanced,fixed_time,10,300.0,4.81,13,8.5,68.0,6.6,83.0,11,0,0,0,0
intersection_balanced,fixed_time,11,300.0,4.337,12,7.8,68.0,6.3,82.0,11,0,0,0,0
intersection_balanced,fixed_time,12,300.0,4.337,12,7.8,67.0,6.2,83.0,11,0,0,0,0
intersection_balanced,fixed_time,13,300.0,4.06,12,7.0,65.0,6.3,85.0,11,0,0,0,0
intersection_balanced,fixed_time,14,300.0,4.34,12,7.6,69.0,6.5,81.0,11,0,0,0,0
intersection_balanced,fixed_time,15,300.0,4.37,12,7.7,68.0,5.9,79.0,11,0,0,0,0
intersection_balanced,fixed_time,16,300.0,3.877,11,6.8,62.0,6.4,85.0,11,0,0,0,0
intersection_balanced,fixed_time,17,300.0,4.35,12,7.7,70.0,6.3,83.0,11,0,0,0,0
intersection_balanced,fixed_time,18,300.0,4.27,12,7.4,69.0,6.4,84.0,11,0,0,0,0
intersection_balanced,fixed_time,19,300.0,4.107,11,7.0,67.0,6.6,83.0,11,0,0,0,0
intersection_balanced,actuated,0,300.0,3.007,8,3.9,41.0,2.1,46.0,19,0,0,0,0
intersection_balanced,actuated,1,300.0,3.003,8,3.9,42.0,2.4,50.0,19,0,0,0,0
intersection_balanced,actuated,2,300.0,3.04,8,4.0,42.0,2.3,52.0,19,0,0,0,0
intersection_balanced,actuated,3,300.0,3.037,8,4.0,40.0,2.0,43.0,19,0,0,0,0
intersection_balanced,actuated,4,300.0,3.023,8,4.0,41.0,2.1,46.0,19,0,0,0,0
intersection_balanced,actuated,5,300.0,3.207,9,4.2,42.0,2.0,44.0,19,0,0,0,0
intersection_balanced,actuated,6,300.0,3.197,9,4.3,44.0,2.1,46.0,19,0,0,0,0
intersection_balanced,actuated,7,300.0,3.003,8,3.9,43.0,2.4,51.0,19,0,0,0,0
intersection_balanced,actuated,8,300.0,3.093,8,4.1,41.0,2.4,50.0,19,0,0,0,0
intersection_balanced,actuated,9,300.0,3.057,8,4.1,41.0,2.4,51.0,19,0,0,0,0
intersection_balanced,actuated,10,300.0,3.037,8,4.0,42.0,2.1,43.0,19,0,0,0,0
intersection_balanced,actuated,11,300.0,3.247,9,4.3,44.0,2.2,45.0,19,0,0,0,0
intersection_balanced,actuated,12,300.0,3.087,8,4.0,41.0,2.1,46.0,19,0,0,0,0
intersection_balanced,actuated,13,300.0,3.34,9,4.4,43.0,2.1,45.0,19,0,0,0,0
intersection_balanced,actuated,14,300.0,3.06,8,4.1,42.0,2.1,44.0,19,0,0,0,0
intersection_balanced,actuated,15,300.0,3.233,9,4.3,45.0,1.9,45.0,19,0,0,0,0
intersection_balanced,actuated,16,300.0,3.03,8,4.0,41.0,2.1,43.0,19,0,0,0,0
intersection_balanced,actuated,17,300.0,3.237,9,4.3,44.0,2.1,47.0,19,0,0,0,0
intersection_balanced,actuated,18,300.0,2.963,8,3.8,41.0,2.1,45.0,19,0,0,0,0
intersection_balanced,actuated,19,300.0,3.18,9,4.2,42.0,2.3,50.0,19,0,0,0,0
intersection_balanced,adaptive_only,0,300.0,2.35,7,2.7,43.0,4.0,56.0,18,0,0,0,0
intersection_balanced,adaptive_only,1,300.0,2.24,8,2.5,42.0,4.5,57.0,18,0,0,0,0
intersection_balanced,adaptive_only,2,300.0,2.063,5,2.2,44.0,4.5,65.0,18,0,0,0,0
intersection_balanced,adaptive_only,3,300.0,2.27,6,2.6,43.0,4.8,64.0,18,0,0,0,0
intersection_balanced,adaptive_only,4,300.0,2.227,6,2.5,42.0,4.0,65.0,18,0,0,0,0
intersection_balanced,adaptive_only,5,300.0,2.107,5,2.4,41.0,4.8,64.0,18,0,0,0,0
intersection_balanced,adaptive_only,6,300.0,2.36,7,2.7,43.0,4.6,68.0,18,0,0,0,0
intersection_balanced,adaptive_only,7,300.0,2.073,6,2.2,39.0,4.5,63.0,18,0,0,0,0
intersection_balanced,adaptive_only,8,300.0,2.213,7,2.5,43.0,4.4,64.0,18,0,0,0,0
intersection_balanced,adaptive_only,9,300.0,2.283,7,2.6,42.0,4.3,56.0,18,0,0,0,0
intersection_balanced,adaptive_only,10,300.0,2.16,6,2.4,42.0,4.3,64.0,18,0,0,0,0
intersection_balanced,adaptive_only,11,300.0,2.227,6,2.6,44.0,4.5,68.0,18,0,0,0,0
intersection_balanced,adaptive_only,12,300.0,2.163,7,2.4,42.0,4.3,55.0,18,0,0,0,0
intersection_balanced,adaptive_only,13,300.0,2.213,6,2.4,40.0,4.5,65.0,18,0,0,0,0
intersection_balanced,adaptive_only,14,300.0,2.353,7,2.9,43.0,4.5,59.0,18,0,0,0,0
intersection_balanced,adaptive_only,15,300.0,2.193,6,2.7,42.0,4.4,65.0,18,0,0,0,0
intersection_balanced,adaptive_only,16,300.0,2.083,6,2.4,44.0,4.8,64.0,18,0,0,0,0
intersection_balanced,adaptive_only,17,300.0,2.11,7,2.4,43.0,4.4,53.0,18,0,0,0,0
intersection_balanced,adaptive_only,18,300.0,2.077,5,2.3,41.0,4.7,60.0,18,0,0,0,0
intersection_balanced,adaptive_only,19,300.0,2.343,7,2.7,44.0,4.4,57.0,18,0,0,0,0
intersection_balanced,adaptive_shield,0,300.0,2.6,7,3.1,42.0,4.4,69.0,17,1,0,17,0
intersection_balanced,adaptive_shield,1,300.0,2.507,7,3.0,42.0,4.4,61.0,17,1,0,17,0
intersection_balanced,adaptive_shield,2,300.0,2.557,7,3.1,44.0,4.1,60.0,17,1,0,17,0
intersection_balanced,adaptive_shield,3,300.0,2.593,7,3.2,43.0,5.7,80.0,17,1,1,17,0
intersection_balanced,adaptive_shield,4,300.0,2.54,8,3.0,41.0,4.6,66.0,18,2,0,17,0
intersection_balanced,adaptive_shield,5,300.0,2.663,8,3.3,43.0,3.8,59.0,18,1,0,17,0
intersection_balanced,adaptive_shield,6,300.0,2.75,8,3.5,44.0,4.8,67.0,18,1,0,17,0
intersection_balanced,adaptive_shield,7,300.0,2.447,9,2.7,43.0,5.1,66.0,17,1,0,17,0
intersection_balanced,adaptive_shield,8,300.0,2.293,7,2.7,38.0,4.8,66.0,17,1,0,17,0
intersection_balanced,adaptive_shield,9,300.0,2.457,7,3.0,39.0,4.4,61.0,17,1,1,17,0
intersection_balanced,adaptive_shield,10,300.0,2.523,8,3.1,42.0,4.5,59.0,17,1,0,17,0
intersection_balanced,adaptive_shield,11,300.0,2.657,8,3.3,45.0,4.0,63.0,18,1,0,17,0
intersection_balanced,adaptive_shield,12,300.0,2.407,7,2.8,38.0,4.6,63.0,17,1,0,17,0
intersection_balanced,adaptive_shield,13,300.0,2.933,8,3.6,45.0,4.2,62.0,18,1,0,17,0
intersection_balanced,adaptive_shield,14,300.0,2.497,8,2.9,42.0,4.6,56.0,18,2,0,17,0
intersection_balanced,adaptive_shield,15,300.0,2.677,8,3.3,42.0,3.7,60.0,18,1,0,17,0
intersection_balanced,adaptive_shield,16,300.0,2.663,8,3.3,43.0,4.3,60.0,18,1,0,17,0
intersection_balanced,adaptive_shield,17,300.0,2.68,8,3.3,38.0,4.0,61.0,18,1,0,17,0
intersection_balanced,adaptive_shield,18,300.0,2.653,8,3.2,40.0,3.9,56.0,18,1,0,17,0
intersection_balanced,adaptive_shield,19,300.0,2.51,8,3.0,41.0,3.7,59.0,18,2,0,17,0
intersection_ped_heavy,fixed_time,0,300.0,4.387,12,7.7,68.0,5.5,83.0,11,0,0,0,0
intersection_ped_heavy,fixed_time,1,300.0,4.127,11,7.2,64.0,5.6,86.0,11,0,0,0,0
intersection_ped_heavy,fixed_time,2,300.0,4.087,11,7.0,67.0,5.4,83.0,11,0,0,0,0
intersection_ped_heavy,fixed_time,3,300.0,4.65,13,8.2,70.0,5.9,86.0,11,0,0,0,0
intersection_ped_heavy,fixed_time,4,300.0,4.353,12,7.8,70.0,5.6,83.0,11,0,0,0,0
intersection_ped_heavy,fixed_time,5,300.0,4.587,12,8.2,68.0,5.5,81.0,11,0,0,0,0
intersection_ped_heavy,fixed_time,6,300.0,3.86,11,6.7,64.0,5.7,83.0,11,0,0,0,0
intersection_ped_heavy,fixed_time,7,300.0,4.067,11,7.1,62.0,5.5,84.0,11,0,0,0,0
intersection_ped_heavy,fixed_time,8,300.0,4.403,12,7.8,70.0,5.5,84.0,11,0,0,0,0
intersection_ped_heavy,fixed_time,9,300.0,4.117,11,7.2,68.0,5.6,85.0,11,0,0,0,0
intersection_ped_heavy,fixed_time,10,300.0,4.39,12,7.6,71.0,6.0,84.0,11,0,0,0,0
intersection_ped_heavy,fixed_time,11,300.0,4.353,12,7.7,68.0,5.7,82.0,11,0,0,0,0
intersection_ped_heavy,fixed_time,12,300.0,4.853,13,8.6,70.0,5.6,84.0,11,0,0,0,0
intersection_ped_heavy,fixed_time,13,300.0,4.553,12,8.1,69.0,5.7,86.0,11,0,0,0,0
intersection_ped_heavy,fixed_time,14,300.0,4.603,12,8.2,69.0,5.6,83.0,11,0,0,0,0
intersection_ped_heavy,fixed_time,15,300.0,4.583,13,8.0,69.0,5.6,82.0,11,0,0,0,0
intersection_ped_heavy,fixed_time,16,300.0,4.32,11,7.5,67.0,5.7,83.0,11,0,0,0,0
intersection_ped_heavy,fixed_time,17,300.0,4.617,12,8.3,70.0,5.6,84.0,11,0,0,0,0
intersection_ped_heavy,fixed_time,18,300.0,4.297,12,7.3,68.0,5.7,83.0,11,0,0,0,0
intersection_ped_heavy,fixed_time,19,300.0,4.587,13,8.0,69.0,5.7,86.0,11,0,0,0,0
intersection_ped_heavy,actuated,0,300.0,3.077,8,4.1,41.0,2.6,51.0,19,0,0,0,0
intersection_ped_heavy,actuated,1,300.0,3.03,8,4.0,43.0,2.5,50.0,19,0,0,0,0
intersection_ped_heavy,actuated,2,300.0,3.07,8,4.0,41.0,2.9,50.0,19,0,0,0,0
intersection_ped_heavy,actuated,3,300.0,3.19,9,4.2,41.0,2.6,51.0,19,0,0,0,0
intersection_ped_heavy,actuated,4,300.0,3.053,8,4.0,41.0,2.7,51.0,19,0,0,0,0
intersection_ped_heavy,actuated,5,300.0,3.06,8,4.1,42.0,2.9,51.0,19,0,0,0,0
intersection_ped_heavy,actuated,6,300.0,3.13,8,4.1,41.0,2.7,51.0,19,0,0,0,0
intersection_ped_heavy,actuated,7,300.0,3.007,8,4.0,43.0,2.8,51.0,19,0,0,0,0
intersection_ped_heavy,actuated,8,300.0,3.03,8,4.0,41.0,2.6,50.0,19,0,0,0,0
intersection_ped_heavy,actuated,9,300.0,3.253,9,4.2,45.0,2.8,51.0,19,0,0,0,0
intersection_ped_heavy,actuated,10,300.0,3.23,9,4.3,44.0,2.8,52.0,19,0,0,0,0
intersection_ped_heavy,actuated,11,300.0,3.08,8,4.1,43.0,2.8,51.0,19,0,0,0,0
intersection_ped_heavy,actuated,12,300.0,3.047,8,4.0,41.0,2.8,50.0,19,0,0,0,0
intersection_ped_heavy,actuated,13,300.0,3.017,8,4.0,41.0,3.0,52.0,19,0,0,0,0
intersection_ped_heavy,actuated,14,300.0,3.197,9,4.2,43.0,2.8,52.0,19,0,0,0,0
intersection_ped_heavy,actuated,15,300.0,3.277,9,4.4,43.0,2.7,52.0,19,0,0,0,0
intersection_ped_heavy,actuated,16,300.0,3.117,8,4.1,41.0,2.7,51.0,19,0,0,0,0
intersection_ped_heavy,actuated,17,300.0,3.033,8,4.0,41.0,2.9,51.0,19,0,0,0,0
intersection_ped_heavy,actuated,18,300.0,3.203,9,4.2,43.0,2.7,51.0,19,0,0,0,0
intersection_ped_heavy,actuated,19,300.0,2.997,8,3.8,40.0,2.8,51.0,19,0,0,0,0
intersection_ped_heavy,adaptive_only,0,300.0,3.22,7,4.5,45.0,2.6,51.0,19,0,0,0,0
intersection_ped_heavy,adaptive_only,1,300.0,3.057,8,3.9,43.0,2.5,50.0,18,0,0,0,0
intersection_ped_heavy,adaptive_only,2,300.0,2.863,8,3.7,42.0,2.6,49.0,18,0,0,0,0
intersection_ped_heavy,adaptive_only,3,300.0,3.25,8,4.3,44.0,2.4,50.0,19,0,0,0,0
intersection_ped_heavy,adaptive_only,4,300.0,3.203,8,4.4,51.0,2.6,50.0,19,0,0,0,0
intersection_ped_heavy,adaptive_only,5,300.0,3.03,8,3.8,41.0,2.6,51.0,18,0,0,0,0
intersection_ped_heavy,adaptive_only,6,300.0,3.333,9,4.6,52.0,2.4,49.0,19,0,0,0,0
intersection_ped_heavy,adaptive_only,7,300.0,2.907,8,3.7,43.0,2.6,50.0,18,0,0,0,0
intersection_ped_heavy,adaptive_only,8,300.0,3.233,8,4.4,46.0,2.5,51.0,19,0,0,0,0
intersection_ped_heavy,adaptive_only,9,300.0,3.243,7,4.4,46.0,2.5,49.0,19,0,0,0,0
intersection_ped_heavy,adaptive_only,10,300.0,2.907,7,3.7,42.0,2.8,52.0,18,0,0,0,0
intersection_ped_heavy,adaptive_only,11,300.0,3.06,8,4.0,44.0,2.6,49.0,18,0,0,0,0
intersection_ped_heavy,adaptive_only,12,300.0,3.05,8,3.9,42.0,2.8,51.0,18,0,0,0,0
intersection_ped_heavy,adaptive_only,13,300.0,3.063,9,3.9,43.0,2.9,51.0,18,0,0,0,0
intersection_ped_heavy,adaptive_only,14,300.0,3.047,9,3.8,44.0,2.6,49.0,18,0,0,0,0
intersection_ped_heavy,adaptive_only,15,300.0,3.28,8,4.5,46.0,2.4,49.0,19,0,0,0,0
intersection_ped_heavy,adaptive_only,16,300.0,2.927,8,3.8,44.0,2.8,49.0,18,0,0,0,0
intersection_ped_heavy,adaptive_only,17,300.0,3.037,8,3.9,43.0,2.7,52.0,18,0,0,0,0
intersection_ped_heavy,adaptive_only,18,300.0,3.28,8,4.6,52.0,2.5,49.0,19,0,0,0,0
intersection_ped_heavy,adaptive_only,19,300.0,3.277,9,4.5,54.0,2.7,50.0,19,0,0,0,0
intersection_ped_heavy,adaptive_shield,0,300.0,3.237,9,4.5,47.0,2.3,49.0,18,1,0,17,0
intersection_ped_heavy,adaptive_shield,1,300.0,3.22,8,4.3,45.0,2.6,51.0,18,1,0,17,0
intersection_ped_heavy,adaptive_shield,2,300.0,2.95,7,3.9,47.0,2.6,52.0,18,1,0,17,0
intersection_ped_heavy,adaptive_shield,3,300.0,2.837,8,3.5,43.0,2.6,51.0,18,1,1,17,0
intersection_ped_heavy,adaptive_shield,4,300.0,2.823,8,3.6,43.0,2.6,51.0,18,2,0,17,0
intersection_ped_heavy,adaptive_shield,5,300.0,3.013,8,4.1,49.0,2.2,49.0,18,1,0,17,0
intersection_ped_heavy,adaptive_shield,6,300.0,3.257,9,4.6,47.0,2.6,51.0,18,1,0,17,0
intersection_ped_heavy,adaptive_shield,7,300.0,2.843,8,3.7,48.0,2.4,51.0,18,1,0,17,0
intersection_ped_heavy,adaptive_shield,8,300.0,2.927,8,3.7,43.0,2.5,50.0,18,1,0,17,0
intersection_ped_heavy,adaptive_shield,9,300.0,2.783,7,3.6,45.0,2.8,50.0,18,1,0,17,0
intersection_ped_heavy,adaptive_shield,10,300.0,3.137,9,4.3,47.0,2.5,51.0,18,1,0,17,0
intersection_ped_heavy,adaptive_shield,11,300.0,2.85,7,3.8,47.0,2.4,47.0,18,1,0,17,0
intersection_ped_heavy,adaptive_shield,12,300.0,3.18,8,4.2,47.0,2.4,49.0,18,1,1,17,0
intersection_ped_heavy,adaptive_shield,13,300.0,2.71,7,3.6,44.0,2.4,49.0,18,1,0,17,0
intersection_ped_heavy,adaptive_shield,14,300.0,3.003,8,4.0,49.0,2.4,50.0,18,1,1,17,0
intersection_ped_heavy,adaptive_shield,15,300.0,3.007,9,4.2,47.0,2.5,51.0,18,1,0,17,0
intersection_ped_heavy,adaptive_shield,16,300.0,3.147,9,4.3,47.0,2.7,50.0,18,1,0,17,0
intersection_ped_heavy,adaptive_shield,17,300.0,2.853,7,3.8,46.0,2.4,48.0,18,1,0,17,0
intersection_ped_heavy,adaptive_shield,18,300.0,2.757,7,3.4,43.0,2.8,50.0,18,1,1,17,0
intersection_ped_heavy,adaptive_shield,19,300.0,2.84,8,3.6,44.0,2.7,51.0,18,2,0,17,0
intersection_vehicle_heavy,fixed_time,0,300.0,12.77,31,8.4,68.0,6.3,85.0,11,0,0,0,0
intersection_vehicle_heavy,fixed_time,1,300.0,12.91,31,8.4,68.0,6.3,83.0,11,0,0,0,0
intersection_vehicle_heavy,fixed_time,2,300.0,12.75,31,8.2,69.0,6.1,82.0,11,0,0,0,0
intersection_vehicle_heavy,fixed_time,3,300.0,11.84,31,7.6,68.0,6.4,82.0,11,0,0,0,0
intersection_vehicle_heavy,fixed_time,4,300.0,12.187,31,7.8,68.0,6.3,81.0,11,0,0,0,0
intersection_vehicle_heavy,fixed_time,5,300.0,12.377,30,7.9,69.0,6.2,86.0,11,0,0,0,0
intersection_vehicle_heavy,fixed_time,6,300.0,11.747,30,7.5,67.0,6.4,80.0,11,0,0,0,0
intersection_vehicle_heavy,fixed_time,7,300.0,12.877,32,8.3,69.0,6.4,82.0,11,0,0,0,0
intersection_vehicle_heavy,fixed_time,8,300.0,11.877,30,7.7,68.0,5.9,83.0,11,0,0,0,0
intersection_vehicle_heavy,fixed_time,9,300.0,12.043,29,7.8,68.0,6.2,82.0,11,0,0,0,0
intersection_vehicle_heavy,fixed_time,10,300.0,12.503,30,8.1,67.0,6.6,83.0,11,0,0,0,0
intersection_vehicle_heavy,fixed_time,11,300.0,11.787,31,7.4,68.0,6.3,82.0,11,0,0,0,0
intersection_vehicle_heavy,fixed_time,12,300.0,12.04,30,7.8,68.0,6.2,83.0,11,0,0,0,0
intersection_vehicle_heavy,fixed_time,13,300.0,11.82,30,7.6,68.0,6.3,85.0,11,0,0,0,0
intersection_vehicle_heavy,fixed_time,14,300.0,12.263,30,7.9,69.0,6.5,81.0,11,0,0,0,0
intersection_vehicle_heavy,fixed_time,15,300.0,11.933,30,7.6,67.0,5.9,79.0,11,0,0,0,0
intersection_vehicle_heavy,fixed_time,16,300.0,12.397,32,8.1,68.0,6.4,85.0,11,0,0,0,0
intersection_vehicle_heavy,fixed_time,17,300.0,12.343,30,8.0,68.0,6.3,83.0,11,0,0,0,0
intersection_vehicle_heavy,fixed_time,18,300.0,12.377,32,8.1,69.0,6.4,84.0,11,0,0,0,0
intersection_vehicle_heavy,fixed_time,19,300.0,12.16,30,7.8,68.0,6.6,83.0,11,0,0,0,0
intersection_vehicle_heavy,actuated,0,300.0,14.06,31,6.4,46.0,2.1,46.0,19,0,0,0,0
intersection_vehicle_heavy,actuated,1,300.0,14.177,32,6.4,44.0,2.4,50.0,19,0,0,0,0
intersection_vehicle_heavy,actuated,2,300.0,13.903,31,6.3,46.0,2.3,52.0,19,0,0,0,0
intersection_vehicle_heavy,actuated,3,300.0,13.72,31,6.3,45.0,2.0,43.0,19,0,0,0,0
intersection_vehicle_heavy,actuated,4,300.0,13.32,30,6.1,44.0,2.1,46.0,19,0,0,0,0
intersection_vehicle_heavy,actuated,5,300.0,13.647,31,6.2,43.0,2.0,44.0,19,0,0,0,0
intersection_vehicle_heavy,actuated,6,300.0,13.06,30,6.0,43.0,2.1,46.0,19,0,0,0,0
intersection_vehicle_heavy,actuated,7,300.0,13.643,29,6.2,45.0,2.4,51.0,19,0,0,0,0
intersection_vehicle_heavy,actuated,8,300.0,14.147,32,6.4,44.0,2.4,50.0,19,0,0,0,0
intersection_vehicle_heavy,actuated,9,300.0,13.883,31,6.3,44.0,2.4,51.0,19,0,0,0,0
intersection_vehicle_heavy,actuated,10,300.0,13.973,32,6.3,45.0,2.1,43.0,19,0,0,0,0
intersection_vehicle_heavy,actuated,11,300.0,12.593,29,5.9,45.0,2.2,45.0,19,0,0,0,0
intersection_vehicle_heavy,actuated,12,300.0,13.993,32,6.3,44.0,2.1,46.0,19,0,0,0,0
intersection_vehicle_heavy,actuated,13,300.0,13.327,30,6.0,44.0,2.1,45.0,19,0,0,0,0
intersection_vehicle_heavy,actuated,14,300.0,13.447,30,6.0,44.0,2.1,44.0,19,0,0,0,0
intersection_vehicle_heavy,actuated,15,300.0,12.587,28,5.8,44.0,1.9,45.0,19,0,0,0,0
intersection_vehicle_heavy,actuated,16,300.0,13.267,31,6.1,45.0,2.1,43.0,19,0,0,0,0
intersection_vehicle_heavy,actuated,17,300.0,13.687,31,6.3,47.0,2.1,47.0,19,0,0,0,0
intersection_vehicle_heavy,actuated,18,300.0,13.813,32,6.2,45.0,2.1,45.0,19,0,0,0,0
intersection_vehicle_heavy,actuated,19,300.0,13.367,31,6.1,45.0,2.3,50.0,19,0,0,0,0
intersection_vehicle_heavy,adaptive_only,0,300.0,4.91,12,1.9,31.0,10.4,101.0,18,0,0,0,0
intersection_vehicle_heavy,adaptive_only,1,300.0,4.483,14,1.7,32.0,12.9,129.0,17,0,0,0,0
intersection_vehicle_heavy,adaptive_only,2,300.0,4.89,12,1.9,30.0,9.9,101.0,18,0,0,0,0
intersection_vehicle_heavy,adaptive_only,3,300.0,4.997,17,2.0,38.0,13.7,136.0,17,0,0,0,0
intersection_vehicle_heavy,adaptive_only,4,300.0,4.68,12,1.7,30.0,12.9,126.0,17,0,0,0,0
intersection_vehicle_heavy,adaptive_only,5,300.0,4.37,12,1.6,30.0,13.3,125.0,17,0,0,0,0
intersection_vehicle_heavy,adaptive_only,6,300.0,4.947,13,2.0,31.0,10.1,96.0,18,0,0,0,0
intersection_vehicle_heavy,adaptive_only,7,300.0,4.55,13,1.7,31.0,13.0,127.0,17,0,0,0,0
intersection_vehicle_heavy,adaptive_only,8,300.0,4.843,14,1.9,32.0,12.7,127.0,17,0,0,0,0
intersection_vehicle_heavy,adaptive_only,9,300.0,4.687,13,1.8,31.0,12.9,124.0,17,0,0,0,0
intersection_vehicle_heavy,adaptive_only,10,300.0,5.027,19,2.0,37.0,14.3,136.0,17,0,0,0,0
intersection_vehicle_heavy,adaptive_only,11,300.0,4.917,17,1.8,37.0,12.8,118.0,17,0,0,0,0
intersection_vehicle_heavy,adaptive_only,12,300.0,5.057,17,2.0,40.0,13.9,136.0,17,0,0,0,0
intersection_vehicle_heavy,adaptive_only,13,300.0,4.717,15,1.7,37.0,12.5,107.0,17,0,0,0,0
intersection_vehicle_heavy,adaptive_only,14,300.0,4.313,11,1.6,30.0,13.0,126.0,17,0,0,0,0
intersection_vehicle_heavy,adaptive_only,15,300.0,4.47,13,1.7,32.0,13.0,125.0,17,0,0,0,0
intersection_vehicle_heavy,adaptive_only,16,300.0,4.97,13,1.9,31.0,10.2,101.0,18,0,0,0,0
intersection_vehicle_heavy,adaptive_only,17,300.0,4.58,11,1.8,31.0,10.5,102.0,18,0,0,0,0
intersection_vehicle_heavy,adaptive_only,18,300.0,4.927,14,1.9,31.0,13.2,124.0,17,0,0,0,0
intersection_vehicle_heavy,adaptive_only,19,300.0,5.317,17,2.1,39.0,12.5,119.0,17,0,0,0,0
intersection_vehicle_heavy,adaptive_shield,0,300.0,4.783,13,1.8,32.0,10.7,105.0,17,1,1,14,2
intersection_vehicle_heavy,adaptive_shield,1,300.0,4.553,15,1.7,31.0,9.6,102.0,17,1,1,14,2
intersection_vehicle_heavy,adaptive_shield,2,300.0,4.64,14,1.7,31.0,9.9,97.0,17,1,1,14,2
intersection_vehicle_heavy,adaptive_shield,3,300.0,5.077,18,2.0,45.0,12.6,118.0,17,1,1,12,4
intersection_vehicle_heavy,adaptive_shield,4,300.0,4.463,12,1.7,29.0,10.0,99.0,17,1,1,14,2
intersection_vehicle_heavy,adaptive_shield,5,300.0,4.757,13,1.7,32.0,10.5,98.0,17,1,1,13,3
intersection_vehicle_heavy,adaptive_shield,6,300.0,4.28,14,1.5,27.0,11.3,105.0,17,1,1,14,2
intersection_vehicle_heavy,adaptive_shield,7,300.0,4.81,15,1.8,31.0,9.7,100.0,17,1,1,14,2
intersection_vehicle_heavy,adaptive_shield,8,300.0,4.227,13,1.5,30.0,10.5,118.0,17,1,1,14,2
intersection_vehicle_heavy,adaptive_shield,9,300.0,4.44,15,1.6,30.0,10.2,97.0,17,1,1,14,2
intersection_vehicle_heavy,adaptive_shield,10,300.0,4.78,15,1.8,41.0,12.2,119.0,17,1,1,12,4
intersection_vehicle_heavy,adaptive_shield,11,300.0,4.513,13,1.7,31.0,10.4,100.0,17,1,1,14,2
intersection_vehicle_heavy,adaptive_shield,12,300.0,4.903,14,1.8,32.0,9.7,100.0,17,1,1,14,2
intersection_vehicle_heavy,adaptive_shield,13,300.0,4.283,12,1.5,27.0,10.2,98.0,17,1,1,14,2
intersection_vehicle_heavy,adaptive_shield,14,300.0,4.393,12,1.6,29.0,10.4,99.0,17,1,1,14,2
intersection_vehicle_heavy,adaptive_shield,15,300.0,4.843,14,1.8,31.0,9.9,98.0,17,1,1,13,3
intersection_vehicle_heavy,adaptive_shield,16,300.0,4.433,11,1.6,32.0,10.3,100.0,17,1,1,14,2
intersection_vehicle_heavy,adaptive_shield,17,300.0,4.13,13,1.5,28.0,11.4,116.0,17,1,1,13,3
intersection_vehicle_heavy,adaptive_shield,18,300.0,4.52,13,1.6,30.0,10.2,97.0,17,1,1,14,2
intersection_vehicle_heavy,adaptive_shield,19,300.0,4.383,12,1.6,32.0,10.0,102.0,17,1,1,14,2
intersection_bursty_ped,fixed_time,0,300.0,4.603,13,7.9,68.0,3.2,83.0,11,0,0,0,0
intersection_bursty_ped,fixed_time,1,300.0,4.27,12,7.6,67.0,3.2,80.0,11,0,0,0,0
intersection_bursty_ped,fixed_time,2,300.0,3.853,11,6.6,63.0,3.1,83.0,11,0,0,0,0
intersection_bursty_ped,fixed_time,3,300.0,4.393,12,7.8,70.0,3.1,81.0,11,0,0,0,0
intersection_bursty_ped,fixed_time,4,300.0,4.393,13,7.9,70.0,3.2,83.0,11,0,0,0,0
intersection_bursty_ped,fixed_time,5,300.0,4.163,12,7.4,69.0,3.3,84.0,11,0,0,0,0
intersection_bursty_ped,fixed_time,6,300.0,4.073,12,7.1,67.0,3.4,82.0,11,0,0,0,0
intersection_bursty_ped,fixed_time,7,300.0,4.343,12,7.8,69.0,3.1,84.0,11,0,0,0,0
intersection_bursty_ped,fixed_time,8,300.0,4.323,12,7.6,70.0,3.1,83.0,11,0,0,0,0
intersection_bursty_ped,fixed_time,9,300.0,4.403,12,7.7,68.0,3.3,85.0,11,0,0,0,0
intersection_bursty_ped,fixed_time,10,300.0,4.58,13,8.0,70.0,3.7,86.0,11,0,0,0,0
intersection_bursty_ped,fixed_time,11,300.0,3.85,11,6.6,61.0,3.3,84.0,11,0,0,0,0
intersection_bursty_ped,fixed_time,12,300.0,4.38,12,7.9,67.0,3.1,84.0,11,0,0,0,0
intersection_bursty_ped,fixed_time,13,300.0,4.83,13,8.6,69.0,3.6,85.0,11,0,0,0,0
intersection_bursty_ped,fixed_time,14,300.0,4.157,11,7.1,69.0,3.3,83.0,11,0,0,0,0
intersection_bursty_ped,fixed_time,15,300.0,4.393,12,7.8,69.0,3.2,84.0,11,0,0,0,0
intersection_bursty_ped,fixed_time,16,300.0,4.153,11,7.3,67.0,3.2,82.0,11,0,0,0,0
intersection_bursty_ped,fixed_time,17,300.0,4.387,13,7.9,70.0,3.2,83.0,11,0,0,0,0
intersection_bursty_ped,fixed_time,18,300.0,4.337,13,7.4,69.0,3.2,84.0,11,0,0,0,0
intersection_bursty_ped,fixed_time,19,300.0,4.59,13,8.0,68.0,3.3,82.0,11,0,0,0,0
intersection_bursty_ped,actuated,0,300.0,3.103,8,4.0,44.0,2.9,46.0,19,0,0,0,0
intersection_bursty_ped,actuated,1,300.0,3.06,8,4.0,42.0,3.0,51.0,19,0,0,0,0
intersection_bursty_ped,actuated,2,300.0,2.977,8,3.9,41.0,3.1,51.0,19,0,0,0,0
intersection_bursty_ped,actuated,3,300.0,3.087,8,4.0,41.0,2.9,52.0,19,0,0,0,0
intersection_bursty_ped,actuated,4,300.0,3.133,8,4.1,41.0,2.8,48.0,19,0,0,0,0
intersection_bursty_ped,actuated,5,300.0,3.057,8,4.0,42.0,2.8,49.0,19,0,0,0,0
intersection_bursty_ped,actuated,6,300.0,3.053,8,4.0,41.0,2.9,46.0,19,0,0,0,0
intersection_bursty_ped,actuated,7,300.0,3.013,8,4.0,43.0,2.9,50.0,19,0,0,0,0
intersection_bursty_ped,actuated,8,300.0,3.05,8,4.1,41.0,3.0,51.0,19,0,0,0,0
intersection_bursty_ped,actuated,9,300.0,3.177,9,4.1,42.0,3.1,49.0,19,0,0,0,0
intersection_bursty_ped,actuated,10,300.0,3.21,9,4.2,44.0,2.8,50.0,19,0,0,0,0
intersection_bursty_ped,actuated,11,300.0,3.06,8,4.1,43.0,2.9,48.0,19,0,0,0,0
intersection_bursty_ped,actuated,12,300.0,3.19,9,4.2,45.0,3.0,52.0,19,0,0,0,0
intersection_bursty_ped,actuated,13,300.0,3.203,9,4.2,44.0,3.2,51.0,19,0,0,0,0
intersection_bursty_ped,actuated,14,300.0,3.057,8,4.1,41.0,2.9,51.0,19,0,0,0,0
intersection_bursty_ped,actuated,15,300.0,3.117,8,4.1,41.0,3.0,50.0,19,0,0,0,0
intersection_bursty_ped,actuated,16,300.0,3.043,8,4.0,40.0,2.9,47.0,19,0,0,0,0
intersection_bursty_ped,actuated,17,300.0,3.237,9,4.3,44.0,3.0,52.0,19,0,0,0,0
intersection_bursty_ped,actuated,18,300.0,3.01,8,4.0,41.0,2.8,49.0,19,0,0,0,0
intersection_bursty_ped,actuated,19,300.0,2.993,8,3.9,40.0,3.0,52.0,19,0,0,0,0
intersection_bursty_ped,adaptive_only,0,300.0,3.003,8,3.8,45.0,2.6,84.0,18,0,0,0,0
intersection_bursty_ped,adaptive_only,1,300.0,2.783,8,3.5,46.0,2.1,75.0,18,0,0,0,0
intersection_bursty_ped,adaptive_only,2,300.0,2.66,9,3.1,42.0,2.2,68.0,18,0,0,0,0
intersection_bursty_ped,adaptive_only,3,300.0,2.983,8,3.8,43.0,2.0,49.0,18,0,0,0,0
intersection_bursty_ped,adaptive_only,4,300.0,2.927,8,3.7,44.0,2.2,72.0,18,0,0,0,0
intersection_bursty_ped,adaptive_only,5,300.0,2.947,7,3.7,42.0,2.3,63.0,18,0,0,0,0
intersection_bursty_ped,adaptive_only,6,300.0,2.827,8,3.5,43.0,2.2,62.0,18,0,0,0,0
intersection_bursty_ped,adaptive_only,7,300.0,2.82,7,3.5,43.0,2.2,74.0,18,0,0,0,0
intersection_bursty_ped,adaptive_only,8,300.0,2.867,8,3.6,46.0,2.1,71.0,18,0,0,0,0
intersection_bursty_ped,adaptive_only,9,300.0,2.793,8,3.5,46.0,2.0,72.0,18,0,0,0,0
intersection_bursty_ped,adaptive_only,10,300.0,3.21,8,4.6,52.0,1.9,68.0,19,0,0,0,0
intersection_bursty_ped,adaptive_only,11,300.0,3.213,8,4.5,52.0,1.7,64.0,19,0,0,0,0
intersection_bursty_ped,adaptive_only,12,300.0,2.823,7,3.6,42.0,1.9,49.0,18,0,0,0,0
intersection_bursty_ped,adaptive_only,13,300.0,3.01,8,3.8,43.0,2.2,67.0,18,0,0,0,0
intersection_bursty_ped,adaptive_only,14,300.0,2.903,8,3.7,47.0,1.8,63.0,18,0,0,0,0
intersection_bursty_ped,adaptive_only,15,300.0,2.967,8,3.7,42.0,2.1,51.0,18,0,0,0,0
intersection_bursty_ped,adaptive_only,16,300.0,2.783,7,3.5,42.0,2.2,51.0,18,0,0,0,0
intersection_bursty_ped,adaptive_only,17,300.0,2.743,7,3.5,44.0,2.0,71.0,18,0,0,0,0
intersection_bursty_ped,adaptive_only,18,300.0,3.05,9,4.0,45.0,2.4,50.0,19,0,0,0,0
intersection_bursty_ped,adaptive_only,19,300.0,2.867,8,3.6,44.0,2.2,62.0,18,0,0,0,0
intersection_bursty_ped,adaptive_shield,0,300.0,2.883,9,3.8,52.0,2.1,67.0,18,1,0,17,0
intersection_bursty_ped,adaptive_shield,1,300.0,2.817,10,3.7,52.0,2.0,63.0,18,1,0,17,0
intersection_bursty_ped,adaptive_shield,2,300.0,2.89,10,3.7,50.0,2.2,67.0,18,1,0,17,0
intersection_bursty_ped,adaptive_shield,3,300.0,2.837,8,3.6,44.0,2.2,66.0,18,1,0,17,0
intersection_bursty_ped,adaptive_shield,4,300.0,2.997,10,4.0,51.0,2.3,66.0,18,1,0,17,0
intersection_bursty_ped,adaptive_shield,5,300.0,2.933,10,3.8,51.0,1.9,65.0,18,1,0,17,0
intersection_bursty_ped,adaptive_shield,6,300.0,2.767,8,3.4,45.0,2.4,58.0,18,3,0,16,1
intersection_bursty_ped,adaptive_shield,7,300.0,2.813,10,3.6,51.0,2.1,69.0,18,1,0,17,0
intersection_bursty_ped,adaptive_shield,8,300.0,2.713,8,3.5,44.0,2.3,65.0,18,1,0,17,0
intersection_bursty_ped,adaptive_shield,9,300.0,2.707,9,3.5,50.0,2.1,68.0,18,1,0,17,0
intersection_bursty_ped,adaptive_shield,10,300.0,2.667,9,3.4,51.0,2.2,68.0,18,1,0,17,0
intersection_bursty_ped,adaptive_shield,11,300.0,2.77,10,3.5,52.0,2.1,67.0,18,1,0,17,0
intersection_bursty_ped,adaptive_shield,12,300.0,2.83,10,3.7,50.0,1.9,67.0,18,1,0,17,0
intersection_bursty_ped,adaptive_shield,13,300.0,2.817,10,3.6,50.0,2.1,74.0,18,1,0,16,1
intersection_bursty_ped,adaptive_shield,14,300.0,2.607,7,3.3,43.0,2.6,76.0,18,1,0,17,0
intersection_bursty_ped,adaptive_shield,15,300.0,2.82,10,3.7,53.0,2.0,68.0,18,1,0,17,0
intersection_bursty_ped,adaptive_shield,16,300.0,2.667,9,3.4,50.0,2.0,65.0,18,1,0,17,0
intersection_bursty_ped,adaptive_shield,17,300.0,2.813,10,3.7,51.0,2.1,67.0,18,1,0,17,0
intersection_bursty_ped,adaptive_shield,18,300.0,2.503,8,3.1,44.0,2.5,68.0,18,1,0,17,0
intersection_bursty_ped,adaptive_shield,19,300.0,2.81,10,3.6,47.0,2.1,66.0,18,1,0,17,0
