scenario_id,scenario_name,controller_name,seed,sim_duration,average_vehicle_queue_length,max_vehicle_queue_length,average_vehicle_waiting_time,max_vehicle_waiting_time,average_ped_waiting_time,max_ped_waiting_time,switch_count,switch_rate_per_300s,unnecessary_switch_count,unnecessary_switch_rate,conflict_release_count,dangerous_switch_attempt_count,vehicle_wait_p95,ped_wait_p95,vehicle_starvation_count,ped_starvation_count,shield_hold_min_hold,shield_hold_small_gain,shield_override_starvation,shield_override_demand,delay_applied_steps,delay_seconds,false_ped_injected_count,burst_mode,failure_spoofed_steps,failure_mode_used
S1_balanced,intersection_balanced,fixed_time,0,300.0,4.573,13,7.9,70.0,6.3,85.0,11,11.0,1,0.091,0,0,44.0,45.0,0,4,0,0,0,0,0,0,0,0,0,0
S1_balanced,intersection_balanced,fixed_time,1,300.0,4.543,12,8.0,69.0,6.3,83.0,11,11.0,1,0.091,0,0,43.0,45.0,0,3,0,0,0,0,0,0,0,0,0,0
S1_balanced,intersection_balanced,fixed_time,2,300.0,4.263,12,7.5,64.0,6.1,82.0,11,11.0,1,0.091,0,0,42.0,44.0,0,3,0,0,0,0,0,0,0,0,0,0
S1_balanced,intersection_balanced,fixed_time,3,300.0,4.147,12,7.1,67.0,6.4,82.0,11,11.0,1,0.091,0,0,41.0,46.0,0,5,0,0,0,0,0,0,0,0,0,0
S1_balanced,intersection_balanced,fixed_time,4,300.0,4.137,12,7.4,70.0,6.3,81.0,11,11.0,1,0.091,0,0,41.0,45.0,0,4,0,0,0,0,0,0,0,0,0,0
S1_balanced,intersection_balanced,fixed_time,5,300.0,4.34,12,7.6,70.0,6.2,86.0,11,11.0,1,0.091,0,0,42.0,45.0,0,4,0,0,0,0,0,0,0,0,0,0
S1_balanced,intersection_balanced,fixed_time,6,300.0,4.34,12,7.6,67.0,6.4,80.0,11,11.0,1,0.091,0,0,43.0,45.0,0,5,0,0,0,0,0,0,0,0,0,0
S1_balanced,intersection_balanced,fixed_time,7,300.0,4.083,11,7.1,63.0,6.4,82.0,11,11.0,1,0.091,0,0,40.0,45.0,0,4,0,0,0,0,0,0,0,0,0,0
S1_balanced,intersection_balanced,fixed_time,8,300.0,4.357,12,7.6,68.0,5.9,83.0,11,11.0,1,0.091,0,0,42.0,43.0,0,3,0,0,0,0,0,0,0,0,0,0
S1_balanced,intersection_balanced,fixed_time,9,300.0,4.37,12,7.6,70.0,6.2,82.0,11,11.0,1,0.091,0,0,42.0,45.0,0,3,0,0,0,0,0,0,0,0,0,0
S1_balanced,intersection_balanced,fixed_time,10,300.0,4.81,13,8.5,68.0,6.6,83.0,11,11.0,1,0.091,0,0,45.0,46.0,0,5,0,0,0,0,0,0,0,0,0,0
S1_balanced,intersection_balanced,fixed_time,11,300.0,4.337,12,7.8,68.0,6.3,82.0,11,11.0,1,0.091,0,0,42.0,45.0,0,4,0,0,0,0,0,0,0,0,0,0
S1_balanced,intersection_balanced,fixed_time,12,300.0,4.337,12,7.8,67.0,6.2,83.0,11,11.0,1,0.091,0,0,42.0,45.0,0,4,0,0,0,0,0,0,0,0,0,0
S1_balanced,intersection_balanced,fixed_time,13,300.0,4.06,12,7.0,65.0,6.3,85.0,11,11.0,1,0.091,0,0,40.0,45.0,0,4,0,0,0,0,0,0,0,0,0,0
S1_balanced,intersection_balanced,fixed_time,14,300.0,4.34,12,7.6,69.0,6.5,81.0,11,11.0,1,0.091,0,0,42.0,45.0,0,3,0,0,0,0,0,0,0,0,0,0
S1_balanced,intersection_balanced,fixed_time,15,300.0,4.37,12,7.7,68.0,5.9,79.0,11,11.0,1,0.091,0,0,43.0,44.0,0,4,0,0,0,0,0,0,0,0,0,0
S1_balanced,intersection_balanced,fixed_time,16,300.0,3.877,11,6.8,62.0,6.4,85.0,11,11.0,1,0.091,0,0,39.0,46.0,0,4,0,0,0,0,0,0,0,0,0,0
S1_balanced,intersection_balanced,fixed_time,17,300.0,4.35,12,7.7,70.0,6.3,83.0,11,11.0,1,0.091,0,0,43.0,45.0,0,4,0,0,0,0,0,0,0,0,0,0
S1_balanced,intersection_balanced,fixed_time,18,300.0,4.27,12,7.4,69.0,6.4,84.0,11,11.0,1,0.091,0,0,41.0,45.0,0,4,0,0,0,0,0,0,0,0,0,0
S1_balanced,intersection_balanced,fixed_time,19,300.0,4.107,11,7.0,67.0,6.6,83.0,11,11.0,1,0.091,0,0,41.0,45.0,0,4,0,0,0,0,0,0,0,0,0,0
S1_balanced,intersection_balanced,actuated,0,300.0,3.007,8,3.9,41.0,2.1,46.0,19,19.0,3,0.158,0,0,24.0,18.0,0,0,0,0,0,0,0,0,0,0,0,0
S1_balanced,intersection_balanced,actuated,1,300.0,3.003,8,3.9,42.0,2.4,50.0,19,19.0,2,0.105,0,0,24.0,20.0,0,0,0,0,0,0,0,0,0,0,0,0
S1_balanced,intersection_balanced,actuated,2,300.0,3.04,8,4.0,42.0,2.3,52.0,19,19.0,3,0.158,0,0,25.0,20.0,0,0,0,0,0,0,0,0,0,0,0,0
S1_balanced,intersection_balanced,actuated,3,300.0,3.037,8,4.0,40.0,2.0,43.0,19,19.0,3,0.158,0,0,25.0,17.0,0,0,0,0,0,0,0,0,0,0,0,0
S1_balanced,intersection_balanced,actuated,4,300.0,3.023,8,4.0,41.0,2.1,46.0,19,19.0,3,0.158,0,0,25.0,18.0,0,0,0,0,0,0,0,0,0,0,0,0
S1_balanced,intersection_balanced,actuated,5,300.0,3.207,9,4.2,42.0,2.0,44.0,19,19.0,2,0.105,0,0,26.0,17.0,0,0,0,0,0,0,0,0,0,0,0,0
S1_balanced,intersection_balanced,actuated,6,300.0,3.197,9,4.3,44.0,2.1,46.0,19,19.0,2,0.105,0,0,26.0,18.0,0,0,0,0,0,0,0,0,0,0,0,0
S1_balanced,intersection_balanced,actuated,7,300.0,3.003,8,3.9,43.0,2.4,51.0,19,19.0,2,0.105,0,0,25.0,21.0,0,0,0,0,0,0,0,0,0,0,0,0
S1_balanced,intersection_balanced,actuated,8,300.0,3.093,8,4.1,41.0,2.4,50.0,19,19.0,2,0.105,0,0,25.0,20.0,0,0,0,0,0,0,0,0,0,0,0,0
S1_balanced,intersection_balanced,actuated,9,300.0,3.057,8,4.1,41.0,2.4,51.0,19,19.0,2,0.105,0,0,25.0,21.0,0,0,0,0,0,0,0,0,0,0,0,0
S1_balanced,intersection_balanced,actuated,10,300.0,3.037,8,4.0,42.0,2.1,43.0,19,19.0,2,0.105,0,0,25.0,18.0,0,0,0,0,0,0,0,0,0,0,0,0
S1_balanced,intersection_balanced,actuated,11,300.0,3.247,9,4.3,44.0,2.2,45.0,19,19.0,2,0.105,0,0,26.0,19.0,0,0,0,0,0,0,0,0,0,0,0,0
S1_balanced,intersection_balanced,actuated,12,300.0,3.087,8,4.0,41.0,2.1,46.0,19,19.0,2,0.105,0,0,25.0,18.0,0,0,0,0,0,0,0,0,0,0,0,0
S1_balanced,intersection_balanced,actuated,13,300.0,3.34,9,4.4,43.0,2.1,45.0,19,19.0,2,0.105,0,0,27.0,19.0,0,0,0,0,0,0,0,0,0,0,0,0
S1_balanced,intersection_balanced,actuated,14,300.0,3.06,8,4.1,42.0,2.1,44.0,19,19.0,2,0.105,0,0,25.0,18.0,0,0,0,0,0,0,0,0,0,0,0,0
S1_balanced,intersection_balanced,actuated,15,300.0,3.233,9,4.3,45.0,1.9,45.0,19,19.0,3,0.158,0,0,26.0,17.0,0,0,0,0,0,0,0,0,0,0,0,0
S1_balanced,intersection_balanced,actuated,16,300.0,3.03,8,4.0,41.0,2.1,43.0,19,19.0,2,0.105,0,0,25.0,18.0,0,0,0,0,0,0,0,0,0,0,0,0
S1_balanced,intersection_balanced,actuated,17,300.0,3.237,9,4.3,44.0,2.1,47.0,19,19.0,2,0.105,0,0,26.0,19.0,0,0,0,0,0,0,0,0,0,0,0,0
S1_balanced,intersection_balanced,actuated,18,300.0,2.963,8,3.8,41.0,2.1,45.0,19,19.0,2,0.105,0,0,24.0,18.0,0,0,0,0,0,0,0,0,0,0,0,0
S1_balanced,intersection_balanced,actuated,19,300.0,3.18,9,4.2,42.0,2.3,50.0,19,19.0,2,0.105,0,0,26.0,21.0,0,0,0,0,0,0,0,0,0,0,0,0
S1_balanced,intersection_balanced,adaptive_only,0,300.0,2.35,7,2.7,43.0,4.0,56.0,18,18.0,1,0.056,0,0,20.0,27.0,0,0,0,0,0,0,0,0,0,0,0,0
S1_balanced,intersection_balanced,adaptive_only,1,300.0,2.24,8,2.5,42.0,4.5,57.0,18,18.0,1,0.056,0,0,19.0,31.0,0,0,0,0,0,0,0,0,0,0,0,0
S1_balanced,intersection_balanced,adaptive_only,2,300.0,2.063,5,2.2,44.0,4.5,65.0,18,18.0,1,0.056,0,0,17.0,32.0,0,1,0,0,0,0,0,0,0,0,0,0
S1_balanced,intersection_balanced,adaptive_only,3,300.0,2.27,6,2.6,43.0,4.8,64.0,18,18.0,1,0.056,0,0,19.0,34.0,0,1,0,0,0,0,0,0,0,0,0,0
S1_balanced,intersection_balanced,adaptive_only,4,300.0,2.227,6,2.5,42.0,4.0,65.0,18,18.0,1,0.056,0,0,19.0,29.0,0,1,0,0,0,0,0,0,0,0,0,0
S1_balanced,intersection_balanced,adaptive_only,5,300.0,2.107,5,2.4,41.0,4.8,64.0,18,18.0,1,0.056,0,0,18.0,34.0,0,1,0,0,0,0,0,0,0,0,0,0
S1_balanced,intersection_balanced,adaptive_only,6,300.0,2.36,7,2.7,43.0,4.6,68.0,18,18.0,1,0.056,0,0,20.0,32.0,0,1,0,0,0,0,0,0,0,0,0,0
S1_balanced,intersection_balanced,adaptive_only,7,300.0,2.073,6,2.2,39.0,4.5,63.0,18,18.0,1,0.056,0,0,16.0,33.0,0,1,0,0,0,0,0,0,0,0,0,0
S1_balanced,intersection_balanced,adaptive_only,8,300.0,2.213,7,2.5,43.0,4.4,64.0,18,18.0,1,0.056,0,0,19.0,29.0,0,1,0,0,0,0,0,0,0,0,0,0
S1_balanced,intersection_balanced,adaptive_only,9,300.0,2.283,7,2.6,42.0,4.3,56.0,18,18.0,1,0.056,0,0,19.0,31.0,0,0,0,0,0,0,0,0,0,0,0,0
S1_balanced,intersection_balanced,adaptive_only,10,300.0,2.16,6,2.4,42.0,4.3,64.0,18,18.0,1,0.056,0,0,18.0,30.0,0,1,0,0,0,0,0,0,0,0,0,0
S1_balanced,intersection_balanced,adaptive_only,11,300.0,2.227,6,2.6,44.0,4.5,68.0,18,18.0,1,0.056,0,0,19.0,31.0,0,1,0,0,0,0,0,0,0,0,0,0
S1_balanced,intersection_balanced,adaptive_only,12,300.0,2.163,7,2.4,42.0,4.3,55.0,18,18.0,1,0.056,0,0,18.0,31.0,0,0,0,0,0,0,0,0,0,0,0,0
S1_balanced,intersection_balanced,adaptive_only,13,300.0,2.213,6,2.4,40.0,4.5,65.0,18,18.0,1,0.056,0,0,18.0,32.0,0,1,0,0,0,0,0,0,0,0,0,0
S1_balanced,intersection_balanced,adaptive_only,14,300.0,2.353,7,2.9,43.0,4.5,59.0,18,18.0,1,0.056,0,0,20.0,30.0,0,0,0,0,0,0,0,0,0,0,0,0
S1_balanced,intersection_balanced,adaptive_only,15,300.0,2.193,6,2.7,42.0,4.4,65.0,18,18.0,1,0.056,0,0,19.0,34.0,0,1,0,0,0,0,0,0,0,0,0,0
S1_balanced,intersection_balanced,adaptive_only,16,300.0,2.083,6,2.4,44.0,4.8,64.0,18,18.0,1,0.056,0,0,18.0,34.0,0,1,0,0,0,0,0,0,0,0,0,0
S1_balanced,intersection_balanced,adaptive_only,17,300.0,2.11,7,2.4,43.0,4.4,53.0,18,18.0,1,0.056,0,0,18.0,31.0,0,0,0,0,0,0,0,0,0,0,0,0
S1_balanced,intersection_balanced,adaptive_only,18,300.0,2.077,5,2.3,41.0,4.7,60.0,18,18.0,1,0.056,0,0,17.0,34.0,0,0,0,0,0,0,0,0,0,0,0,0
S1_balanced,intersection_balanced,adaptive_only,19,300.0,2.343,7,2.7,44.0,4.4,57.0,18,18.0,1,0.056,0,0,20.0,31.0,0,0,0,0,0,0,0,0,0,0,0,0
S1_balanced,intersection_balanced,adaptive_shield,0,300.0,2.6,7,3.1,42.0,4.4,69.0,17,17.0,1,0.059,0,1,21.0,32.0,0,1,1,0,17,0,0,0,0,0,0,0
S1_balanced,intersection_balanced,adaptive_shield,1,300.0,2.507,7,3.0,42.0,4.4,61.0,17,17.0,1,0.059,0,1,21.0,33.0,0,1,1,0,17,0,0,0,0,0,0,0
S1_balanced,intersection_balanced,adaptive_shield,2,300.0,2.557,7,3.1,44.0,4.1,60.0,17,17.0,1,0.059,0,1,21.0,32.0,0,0,1,0,17,0,0,0,0,0,0,0
S1_balanced,intersection_balanced,adaptive_shield,3,300.0,2.593,7,3.2,43.0,5.7,80.0,17,17.0,1,0.059,0,1,21.0,40.0,0,3,1,1,17,0,0,0,0,0,0,0
S1_balanced,intersection_balanced,adaptive_shield,4,300.0,2.54,8,3.0,41.0,4.6,66.0,18,18.0,1,0.056,0,2,21.0,31.0,0,1,2,0,17,0,0,0,0,0,0,0
S1_balanced,intersection_balanced,adaptive_shield,5,300.0,2.663,8,3.3,43.0,3.8,59.0,18,18.0,1,0.056,0,1,23.0,28.0,0,0,1,0,17,0,0,0,0,0,0,0
S1_balanced,intersection_balanced,adaptive_shield,6,300.0,2.75,8,3.5,44.0,4.8,67.0,18,18.0,1,0.056,0,1,23.0,35.0,0,2,1,0,17,0,0,0,0,0,0,0
S1_balanced,intersection_balanced,adaptive_shield,7,300.0,2.447,9,2.7,43.0,5.1,66.0,17,17.0,1,0.059,0,1,20.0,37.0,0,4,1,0,17,0,0,0,0,0,0,0
S1_balanced,intersection_balanced,adaptive_shield,8,300.0,2.293,7,2.7,38.0,4.8,66.0,17,17.0,1,0.059,0,1,19.0,36.0,0,2,1,0,17,0,0,0,0,0,0,0
S1_balanced,intersection_balanced,adaptive_shield,9,300.0,2.457,7,3.0,39.0,4.4,61.0,17,17.0,1,0.059,0,1,20.0,33.0,0,1,1,1,17,0,0,0,0,0,0,0
S1_balanced,intersection_balanced,adaptive_shield,10,300.0,2.523,8,3.1,42.0,4.5,59.0,17,17.0,1,0.059,0,1,21.0,32.0,0,0,1,0,17,0,0,0,0,0,0,0
S1_balanced,intersection_balanced,adaptive_shield,11,300.0,2.657,8,3.3,45.0,4.0,63.0,18,18.0,1,0.056,0,1,23.0,29.0,0,1,1,0,17,0,0,0,0,0,0,0
S1_balanced,intersection_balanced,adaptive_shield,12,300.0,2.407,7,2.8,38.0,4.6,63.0,17,17.0,1,0.059,0,1,20.0,34.0,0,2,1,0,17,0,0,0,0,0,0,0
S1_balanced,intersection_balanced,adaptive_shield,13,300.0,2.933,8,3.6,45.0,4.2,62.0,18,18.0,1,0.056,0,1,25.0,29.0,0,1,1,0,17,0,0,0,0,0,0,0
S1_balanced,intersection_balanced,adaptive_shield,14,300.0,2.497,8,2.9,42.0,4.6,56.0,18,18.0,1,0.056,0,2,20.0,33.0,0,0,2,0,17,0,0,0,0,0,0,0
S1_balanced,intersection_balanced,adaptive_shield,15,300.0,2.677,8,3.3,42.0,3.7,60.0,18,18.0,1,0.056,0,1,23.0,27.0,0,0,1,0,17,0,0,0,0,0,0,0
S1_balanced,intersection_balanced,adaptive_shield,16,300.0,2.663,8,3.3,43.0,4.3,60.0,18,18.0,1,0.056,0,1,23.0,30.0,0,0,1,0,17,0,0,0,0,0,0,0
S1_balanced,intersection_balanced,adaptive_shield,17,300.0,2.68,8,3.3,38.0,4.0,61.0,18,18.0,1,0.056,0,1,23.0,28.0,0,1,1,0,17,0,0,0,0,0,0,0
S1_balanced,intersection_balanced,adaptive_shield,18,300.0,2.653,8,3.2,40.0,3.9,56.0,18,18.0,1,0.056,0,1,22.0,28.0,0,0,1,0,17,0,0,0,0,0,0,0
S1_balanced,intersection_balanced,adaptive_shield,19,300.0,2.51,8,3.0,41.0,3.7,59.0,18,18.0,1,0.056,0,2,21.0,28.0,0,0,2,0,17,0,0,0,0,0,0,0
S2_directional_surge,intersection_directional_surge,fixed_time,0,300.0,10.19,24,9.7,67.0,6.3,85.0,11,11.0,1,0.091,0,0,47.0,45.0,0,4,0,0,0,0,0,0,0,0,0,0
S2_directional_surge,intersection_directional_surge,fixed_time,1,300.0,10.51,25,10.0,68.0,6.3,83.0,11,11.0,1,0.091,0,0,47.0,45.0,0,3,0,0,0,0,0,0,0,0,0,0
S2_directional_surge,intersection_directional_surge,fixed_time,2,300.0,9.717,24,9.3,68.0,6.1,82.0,11,11.0,1,0.091,0,0,45.0,44.0,0,3,0,0,0,0,0,0,0,0,0,0
S2_directional_surge,intersection_directional_surge,fixed_time,3,300.0,9.9,24,9.4,69.0,6.4,82.0,11,11.0,1,0.091,0,0,46.0,46.0,0,5,0,0,0,0,0,0,0,0,0,0
S2_directional_surge,intersection_directional_surge,fixed_time,4,300.0,9.457,23,9.0,68.0,6.3,81.0,11,11.0,1,0.091,0,0,45.0,45.0,0,4,0,0,0,0,0,0,0,0,0,0
S2_directional_surge,intersection_directional_surge,fixed_time,5,300.0,9.687,24,9.2,69.0,6.2,86.0,11,11.0,1,0.091,0,0,45.0,45.0,0,4,0,0,0,0,0,0,0,0,0,0
S2_directional_surge,intersection_directional_surge,fixed_time,6,300.0,9.627,24,9.1,68.0,6.4,80.0,11,11.0,1,0.091,0,0,45.0,45.0,0,5,0,0,0,0,0,0,0,0,0,0
S2_directional_surge,intersection_directional_surge,fixed_time,7,300.0,9.917,24,9.3,68.0,6.4,82.0,11,11.0,1,0.091,0,0,45.0,45.0,0,4,0,0,0,0,0,0,0,0,0,0
S2_directional_surge,intersection_directional_surge,fixed_time,8,300.0,11.027,26,10.4,71.0,5.9,83.0,11,11.0,1,0.091,0,0,48.0,43.0,0,3,0,0,0,0,0,0,0,0,0,0
S2_directional_surge,intersection_directional_surge,fixed_time,9,300.0,10.01,24,9.6,68.0,6.2,82.0,11,11.0,1,0.091,0,0,47.0,45.0,0,3,0,0,0,0,0,0,0,0,0,0
S2_directional_surge,intersection_directional_surge,fixed_time,10,300.0,10.487,25,9.9,70.0,6.6,83.0,11,11.0,1,0.091,0,0,47.0,46.0,0,5,0,0,0,0,0,0,0,0,0,0
S2_directional_surge,intersection_directional_surge,fixed_time,11,300.0,9.647,24,9.1,68.0,6.3,82.0,11,11.0,1,0.091,0,0,46.0,45.0,0,4,0,0,0,0,0,0,0,0,0,0
S2_directional_surge,intersection_directional_surge,fixed_time,12,300.0,9.977,24,9.5,70.0,6.2,83.0,11,11.0,1,0.091,0,0,46.0,45.0,0,4,0,0,0,0,0,0,0,0,0,0
S2_directional_surge,intersection_directional_surge,fixed_time,13,300.0,11.367,26,10.6,70.0,6.3,85.0,11,11.0,1,0.091,0,0,49.0,45.0,0,4,0,0,0,0,0,0,0,0,0,0
S2_directional_surge,intersection_directional_surge,fixed_time,14,300.0,10.233,25,9.6,68.0,6.5,81.0,11,11.0,1,0.091,0,0,46.0,45.0,0,3,0,0,0,0,0,0,0,0,0,0
S2_directional_surge,intersection_directional_surge,fixed_time,15,300.0,9.207,23,8.8,67.0,5.9,79.0,11,11.0,1,0.091,0,0,44.0,44.0,0,4,0,0,0,0,0,0,0,0,0,0
S2_directional_surge,intersection_directional_surge,fixed_time,16,300.0,9.76,24,9.3,70.0,6.4,85.0,11,11.0,1,0.091,0,0,46.0,46.0,0,4,0,0,0,0,0,0,0,0,0,0
S2_directional_surge,intersection_directional_surge,fixed_time,17,300.0,9.587,23,9.3,70.0,6.3,83.0,11,11.0,1,0.091,0,0,45.0,45.0,0,4,0,0,0,0,0,0,0,0,0,0
S2_directional_surge,intersection_directional_surge,fixed_time,18,300.0,10.003,24,9.5,69.0,6.4,84.0,11,11.0,1,0.091,0,0,46.0,45.0,0,4,0,0,0,0,0,0,0,0,0,0
S2_directional_surge,intersection_directional_surge,fixed_time,19,300.0,10.347,26,9.9,69.0,6.6,83.0,11,11.0,1,0.091,0,0,47.0,45.0,0,4,0,0,0,0,0,0,0,0,0,0
S2_directional_surge,intersection_directional_surge,actuated,0,300.0,10.61,27,6.8,45.0,2.1,46.0,19,19.0,3,0.158,0,0,32.0,18.0,0,0,0,0,0,0,0,0,0,0,0,0
S2_directional_surge,intersection_directional_surge,actuated,1,300.0,10.293,26,6.6,45.0,2.4,50.0,19,19.0,2,0.105,0,0,32.0,20.0,0,0,0,0,0,0,0,0,0,0,0,0
S2_directional_surge,intersection_directional_surge,actuated,2,300.0,10.753,27,6.9,45.0,2.3,52.0,19,19.0,3,0.158,0,0,32.0,20.0,0,0,0,0,0,0,0,0,0,0,0,0
S2_directional_surge,intersection_directional_surge,actuated,3,300.0,10.09,25,6.6,44.0,2.0,43.0,19,19.0,3,0.158,0,0,31.0,17.0,0,0,0,0,0,0,0,0,0,0,0,0
S2_directional_surge,intersection_directional_surge,actuated,4,300.0,10.693,28,6.9,45.0,2.1,46.0,19,19.0,3,0.158,0,0,32.0,18.0,0,0,0,0,0,0,0,0,0,0,0,0
S2_directional_surge,intersection_directional_surge,actuated,5,300.0,10.217,27,6.6,43.0,2.0,44.0,19,19.0,2,0.105,0,0,32.0,17.0,0,0,0,0,0,0,0,0,0,0,0,0
S2_directional_surge,intersection_directional_surge,actuated,6,300.0,10.407,27,6.8,44.0,2.1,46.0,19,19.0,2,0.105,0,0,32.0,18.0,0,0,0,0,0,0,0,0,0,0,0,0
S2_directional_surge,intersection_directional_surge,actuated,7,300.0,10.157,26,6.5,44.0,2.4,51.0,19,19.0,2,0.105,0,0,31.0,21.0,0,0,0,0,0,0,0,0,0,0,0,0
S2_directional_surge,intersection_directional_surge,actuated,8,300.0,10.393,27,6.8,44.0,2.4,50.0,19,19.0,2,0.105,0,0,32.0,20.0,0,0,0,0,0,0,0,0,0,0,0,0
S2_directional_surge,intersection_directional_surge,actuated,9,300.0,9.69,26,6.5,44.0,2.4,51.0,19,19.0,2,0.105,0,0,31.0,21.0,0,0,0,0,0,0,0,0,0,0,0,0
S2_directional_surge,intersection_directional_surge,actuated,10,300.0,10.42,26,6.8,45.0,2.1,43.0,19,19.0,2,0.105,0,0,32.0,18.0,0,0,0,0,0,0,0,0,0,0,0,0
S2_directional_surge,intersection_directional_surge,actuated,11,300.0,9.82,26,6.4,43.0,2.2,45.0,19,19.0,2,0.105,0,0,31.0,19.0,0,0,0,0,0,0,0,0,0,0,0,0
S2_directional_surge,intersection_directional_surge,actuated,12,300.0,10.45,27,6.8,44.0,2.1,46.0,19,19.0,2,0.105,0,0,32.0,18.0,0,0,0,0,0,0,0,0,0,0,0,0
S2_directional_surge,intersection_directional_surge,actuated,13,300.0,9.963,25,6.5,45.0,2.1,45.0,19,19.0,2,0.105,0,0,31.0,19.0,0,0,0,0,0,0,0,0,0,0,0,0
S2_directional_surge,intersection_directional_surge,actuated,14,300.0,9.583,26,6.3,43.0,2.1,44.0,19,19.0,2,0.105,0,0,31.0,18.0,0,0,0,0,0,0,0,0,0,0,0,0
S2_directional_surge,intersection_directional_surge,actuated,15,300.0,9.64,26,6.4,44.0,1.9,45.0,19,19.0,3,0.158,0,0,31.0,17.0,0,0,0,0,0,0,0,0,0,0,0,0
S2_directional_surge,intersection_directional_surge,actuated,16,300.0,9.587,25,6.4,43.0,2.1,43.0,19,19.0,2,0.105,0,0,31.0,18.0,0,0,0,0,0,0,0,0,0,0,0,0
S2_directional_surge,intersection_directional_surge,actuated,17,300.0,10.557,27,6.8,46.0,2.1,47.0,19,19.0,2,0.105,0,0,32.0,19.0,0,0,0,0,0,0,0,0,0,0,0,0
S2_directional_surge,intersection_directional_surge,actuated,18,300.0,10.267,26,6.6,43.0,2.1,45.0,19,19.0,2,0.105,0,0,32.0,18.0,0,0,0,0,0,0,0,0,0,0,0,0
S2_directional_surge,intersection_directional_surge,actuated,19,300.0,10.417,26,6.8,45.0,2.3,50.0,19,19.0,2,0.105,0,0,32.0,21.0,0,0,0,0,0,0,0,0,0,0,0,0
S2_directional_surge,intersection_directional_surge,adaptive_only,0,300.0,3.457,10,2.6,56.0,6.4,69.0,17,17.0,1,0.059,0,0,18.0,42.0,0,5,0,0,0,0,0,0,0,0,0,0
S2_directional_surge,intersection_directional_surge,adaptive_only,1,300.0,3.29,12,2.3,55.0,6.1,70.0,17,17.0,1,0.059,0,0,17.0,40.0,0,4,0,0,0,0,0,0,0,0,0,0
S2_directional_surge,intersection_directional_surge,adaptive_only,2,300.0,3.66,12,2.7,59.0,6.0,74.0,17,17.0,1,0.059,0,0,21.0,43.0,0,5,0,0,0,0,0,0,0,0,0,0
S2_directional_surge,intersection_directional_surge,adaptive_only,3,300.0,3.53,11,2.8,61.0,6.7,75.0,17,17.0,1,0.059,0,0,20.0,46.0,0,6,0,0,0,0,0,0,0,0,0,0
S2_directional_surge,intersection_directional_surge,adaptive_only,4,300.0,3.443,10,2.6,58.0,5.6,66.0,17,17.0,1,0.059,0,0,19.0,38.0,0,4,0,0,0,0,0,0,0,0,0,0
S2_directional_surge,intersection_directional_surge,adaptive_only,5,300.0,3.633,11,2.9,59.0,6.7,82.0,17,17.0,1,0.059,0,0,22.0,47.0,0,7,0,0,0,0,0,0,0,0,0,0
S2_directional_surge,intersection_directional_surge,adaptive_only,6,300.0,3.533,11,2.4,47.0,6.4,73.0,17,17.0,1,0.059,0,0,19.0,43.0,0,5,0,0,0,0,0,0,0,0,0,0
S2_directional_surge,intersection_directional_surge,adaptive_only,7,300.0,3.527,11,2.7,60.0,6.0,69.0,17,17.0,1,0.059,0,0,19.0,40.0,0,4,0,0,0,0,0,0,0,0,0,0
S2_directional_surge,intersection_directional_surge,adaptive_only,8,300.0,3.55,10,2.7,62.0,5.8,68.0,17,17.0,1,0.059,0,0,19.0,39.0,0,4,0,0,0,0,0,0,0,0,0,0
S2_directional_surge,intersection_directional_surge,adaptive_only,9,300.0,3.673,10,2.9,59.0,7.1,83.0,17,17.0,1,0.059,0,0,21.0,46.0,0,6,0,0,0,0,0,0,0,0,0,0
S2_directional_surge,intersection_directional_surge,adaptive_only,10,300.0,3.63,11,2.4,48.0,6.6,74.0,17,17.0,1,0.059,0,0,18.0,45.0,0,6,0,0,0,0,0,0,0,0,0,0
S2_directional_surge,intersection_directional_surge,adaptive_only,11,300.0,3.05,10,2.4,53.0,6.9,69.0,17,17.0,1,0.059,0,0,17.0,45.0,0,7,0,0,0,0,0,0,0,0,0,0
S2_directional_surge,intersection_directional_surge,adaptive_only,12,300.0,3.167,10,2.4,55.0,6.7,68.0,17,17.0,1,0.059,0,0,17.0,44.0,0,5,0,0,0,0,0,0,0,0,0,0
S2_directional_surge,intersection_directional_surge,adaptive_only,13,300.0,3.38,11,2.5,55.0,6.0,69.0,17,17.0,1,0.059,0,0,18.0,41.0,0,4,0,0,0,0,0,0,0,0,0,0
S2_directional_surge,intersection_directional_surge,adaptive_only,14,300.0,3.493,10,2.6,58.0,5.8,67.0,17,17.0,1,0.059,0,0,19.0,39.0,0,4,0,0,0,0,0,0,0,0,0,0
S2_directional_surge,intersection_directional_surge,adaptive_only,15,300.0,3.567,10,3.0,62.0,5.8,70.0,17,17.0,1,0.059,0,0,24.0,38.0,0,4,0,0,0,0,0,0,0,0,0,0
S2_directional_surge,intersection_directional_surge,adaptive_only,16,300.0,3.173,10,2.4,54.0,7.2,76.0,17,17.0,1,0.059,0,0,17.0,47.0,0,8,0,0,0,0,0,0,0,0,0,0
S2_directional_surge,intersection_directional_surge,adaptive_only,17,300.0,3.403,11,2.4,55.0,5.8,66.0,17,17.0,1,0.059,0,0,17.0,39.0,0,4,0,0,0,0,0,0,0,0,0,0
S2_directional_surge,intersection_directional_surge,adaptive_only,18,300.0,3.45,9,2.6,55.0,6.3,69.0,17,17.0,1,0.059,0,0,18.0,44.0,0,6,0,0,0,0,0,0,0,0,0,0
S2_directional_surge,intersection_directional_surge,adaptive_only,19,300.0,3.777,12,2.5,59.0,5.6,78.0,17,17.0,1,0.059,0,0,18.0,38.0,0,2,0,0,0,0,0,0,0,0,0,0
S2_directional_surge,intersection_directional_surge,adaptive_shield,0,300.0,3.457,10,2.6,56.0,6.4,69.0,17,17.0,1,0.059,0,0,18.0,42.0,0,5,0,0,13,4,0,0,0,0,0,0
S2_directional_surge,intersection_directional_surge,adaptive_shield,1,300.0,3.29,12,2.3,55.0,6.1,70.0,17,17.0,1,0.059,0,0,17.0,40.0,0,4,0,0,14,3,0,0,0,0,0,0
S2_directional_surge,intersection_directional_surge,adaptive_shield,2,300.0,3.66,12,2.7,59.0,6.0,74.0,17,17.0,1,0.059,0,0,21.0,43.0,0,5,0,0,12,4,0,0,0,0,0,0
S2_directional_surge,intersection_directional_surge,adaptive_shield,3,300.0,3.137,9,2.4,53.0,6.5,69.0,17,17.0,1,0.059,0,0,16.0,43.0,0,6,0,1,13,4,0,0,0,0,0,0
S2_directional_surge,intersection_directional_surge,adaptive_shield,4,300.0,3.703,10,2.8,58.0,7.1,77.0,17,17.0,1,0.059,0,0,20.0,46.0,0,6,0,1,13,4,0,0,0,0,0,0
S2_directional_surge,intersection_directional_surge,adaptive_shield,5,300.0,3.633,11,2.9,59.0,6.7,82.0,17,17.0,1,0.059,0,0,22.0,47.0,0,7,0,0,12,4,0,0,0,0,0,0
S2_directional_surge,intersection_directional_surge,adaptive_shield,6,300.0,3.533,11,2.4,47.0,6.4,73.0,17,17.0,1,0.059,0,0,19.0,43.0,0,5,0,0,12,4,0,0,0,0,0,0
S2_directional_surge,intersection_directional_surge,adaptive_shield,7,300.0,3.527,11,2.7,60.0,6.0,69.0,17,17.0,1,0.059,0,0,19.0,40.0,0,4,0,0,14,3,0,0,0,0,0,0
S2_directional_surge,intersection_directional_surge,adaptive_shield,8,300.0,3.55,10,2.7,62.0,5.8,68.0,17,17.0,1,0.059,0,0,19.0,39.0,0,4,0,0,14,3,0,0,0,0,0,0
S2_directional_surge,intersection_directional_surge,adaptive_shield,9,300.0,3.57,11,2.7,61.0,5.8,68.0,17,17.0,1,0.059,0,0,19.0,39.0,0,4,0,1,14,3,0,0,0,0,0,0
S2_directional_surge,intersection_directional_surge,adaptive_shield,10,300.0,3.63,11,2.4,48.0,6.6,74.0,17,17.0,1,0.059,0,0,18.0,45.0,0,6,0,0,12,4,0,0,0,0,0,0
S2_directional_surge,intersection_directional_surge,adaptive_shield,11,300.0,3.05,10,2.4,53.0,6.9,69.0,17,17.0,1,0.059,0,0,17.0,45.0,0,7,0,0,13,4,0,0,0,0,0,0
S2_directional_surge,intersection_directional_surge,adaptive_shield,12,300.0,3.167,10,2.4,55.0,6.7,68.0,17,17.0,1,0.059,0,0,17.0,44.0,0,5,0,0,13,4,0,0,0,0,0,0
S2_directional_surge,intersection_directional_surge,adaptive_shield,13,300.0,3.38,11,2.5,55.0,6.0,69.0,17,17.0,1,0.059,0,0,18.0,41.0,0,4,0,0,14,3,0,0,0,0,0,0
S2_directional_surge,intersection_directional_surge,adaptive_shield,14,300.0,3.623,11,2.7,59.0,5.9,68.0,17,17.0,1,0.059,0,0,19.0,40.0,0,4,0,1,14,3,0,0,0,0,0,0
S2_directional_surge,intersection_directional_surge,adaptive_shield,15,300.0,3.567,10,3.0,62.0,5.8,70.0,17,17.0,1,0.059,0,0,24.0,38.0,0,4,0,0,12,4,0,0,0,0,0,0
S2_directional_surge,intersection_directional_surge,adaptive_shield,16,300.0,3.173,10,2.4,54.0,7.2,76.0,17,17.0,1,0.059,0,0,17.0,47.0,0,8,0,0,13,4,0,0,0,0,0,0
S2_directional_surge,intersection_directional_surge,adaptive_shield,17,300.0,3.403,11,2.4,55.0,5.8,66.0,17,17.0,1,0.059,0,0,17.0,39.0,0,4,0,0,14,3,0,0,0,0,0,0
S2_directional_surge,intersection_directional_surge,adaptive_shield,18,300.0,3.45,9,2.6,55.0,6.3,69.0,17,17.0,1,0.059,0,0,18.0,44.0,0,6,0,0,13,4,0,0,0,0,0,0
S2_directional_surge,intersection_directional_surge,adaptive_shield,19,300.0,3.777,12,2.5,59.0,5.6,78.0,17,17.0,1,0.059,0,0,18.0,38.0,0,2,0,0,13,3,0,0,0,0,0,0
S3_ped_heavy,intersection_ped_heavy,fixed_time,0,300.0,4.387,12,7.7,68.0,5.5,83.0,11,11.0,1,0.091,0,0,43.0,43.0,0,11,0,0,0,0,0,0,0,0,0,0
S3_ped_heavy,intersection_ped_heavy,fixed_time,1,300.0,4.127,11,7.2,64.0,5.6,86.0,11,11.0,1,0.091,0,0,41.0,44.0,0,11,0,0,0,0,0,0,0,0,0,0
S3_ped_heavy,intersection_ped_heavy,fixed_time,2,300.0,4.087,11,7.0,67.0,5.4,83.0,11,11.0,1,0.091,0,0,41.0,43.0,0,10,0,0,0,0,0,0,0,0,0,0
S3_ped_heavy,intersection_ped_heavy,fixed_time,3,300.0,4.65,13,8.2,70.0,5.9,86.0,11,11.0,1,0.091,0,0,45.0,45.0,0,12,0,0,0,0,0,0,0,0,0,0
S3_ped_heavy,intersection_ped_heavy,fixed_time,4,300.0,4.353,12,7.8,70.0,5.6,83.0,11,11.0,1,0.091,0,0,43.0,43.0,0,11,0,0,0,0,0,0,0,0,0,0
S3_ped_heavy,intersection_ped_heavy,fixed_time,5,300.0,4.587,12,8.2,68.0,5.5,81.0,11,11.0,1,0.091,0,0,44.0,44.0,0,10,0,0,0,0,0,0,0,0,0,0
S3_ped_heavy,intersection_ped_heavy,fixed_time,6,300.0,3.86,11,6.7,64.0,5.7,83.0,11,11.0,1,0.091,0,0,39.0,44.0,0,11,0,0,0,0,0,0,0,0,0,0
S3_ped_heavy,intersection_ped_heavy,fixed_time,7,300.0,4.067,11,7.1,62.0,5.5,84.0,11,11.0,1,0.091,0,0,40.0,43.0,0,11,0,0,0,0,0,0,0,0,0,0
S3_ped_heavy,intersection_ped_heavy,fixed_time,8,300.0,4.403,12,7.8,70.0,5.5,84.0,11,11.0,1,0.091,0,0,43.0,44.0,0,10,0,0,0,0,0,0,0,0,0,0
S3_ped_heavy,intersection_ped_heavy,fixed_time,9,300.0,4.117,11,7.2,68.0,5.6,85.0,11,11.0,1,0.091,0,0,41.0,43.0,0,11,0,0,0,0,0,0,0,0,0,0
S3_ped_heavy,intersection_ped_heavy,fixed_time,10,300.0,4.39,12,7.6,71.0,6.0,84.0,11,11.0,1,0.091,0,0,42.0,46.0,0,12,0,0,0,0,0,0,0,0,0,0
S3_ped_heavy,intersection_ped_heavy,fixed_time,11,300.0,4.353,12,7.7,68.0,5.7,82.0,11,11.0,1,0.091,0,0,43.0,44.0,0,10,0,0,0,0,0,0,0,0,0,0
S3_ped_heavy,intersection_ped_heavy,fixed_time,12,300.0,4.853,13,8.6,70.0,5.6,84.0,11,11.0,1,0.091,0,0,46.0,44.0,0,11,0,0,0,0,0,0,0,0,0,0
S3_ped_heavy,intersection_ped_heavy,fixed_time,13,300.0,4.553,12,8.1,69.0,5.7,86.0,11,11.0,1,0.091,0,0,44.0,44.0,0,10,0,0,0,0,0,0,0,0,0,0
S3_ped_heavy,intersection_ped_heavy,fixed_time,14,300.0,4.603,12,8.2,69.0,5.6,83.0,11,11.0,1,0.091,0,0,44.0,44.0,0,11,0,0,0,0,0,0,0,0,0,0
S3_ped_heavy,intersection_ped_heavy,fixed_time,15,300.0,4.583,13,8.0,69.0,5.6,82.0,11,11.0,1,0.091,0,0,44.0,44.0,0,11,0,0,0,0,0,0,0,0,0,0
S3_ped_heavy,intersection_ped_heavy,fixed_time,16,300.0,4.32,11,7.5,67.0,5.7,83.0,11,11.0,1,0.091,0,0,42.0,44.0,0,10,0,0,0,0,0,0,0,0,0,0
S3_ped_heavy,intersection_ped_heavy,fixed_time,17,300.0,4.617,12,8.3,70.0,5.6,84.0,11,11.0,1,0.091,0,0,44.0,44.0,0,11,0,0,0,0,0,0,0,0,0,0
S3_ped_heavy,intersection_ped_heavy,fixed_time,18,300.0,4.297,12,7.3,68.0,5.7,83.0,11,11.0,1,0.091,0,0,41.0,44.0,0,10,0,0,0,0,0,0,0,0,0,0
S3_ped_heavy,intersection_ped_heavy,fixed_time,19,300.0,4.587,13,8.0,69.0,5.7,86.0,11,11.0,1,0.091,0,0,44.0,44.0,0,11,0,0,0,0,0,0,0,0,0,0
S3_ped_heavy,intersection_ped_heavy,actuated,0,300.0,3.077,8,4.1,41.0,2.6,51.0,19,19.0,2,0.105,0,0,25.0,23.0,0,0,0,0,0,0,0,0,0,0,0,0
S3_ped_heavy,intersection_ped_heavy,actuated,1,300.0,3.03,8,4.0,43.0,2.5,50.0,19,19.0,2,0.105,0,0,25.0,23.0,0,0,0,0,0,0,0,0,0,0,0,0
S3_ped_heavy,intersection_ped_heavy,actuated,2,300.0,3.07,8,4.0,41.0,2.9,50.0,19,19.0,2,0.105,0,0,25.0,24.0,0,0,0,0,0,0,0,0,0,0,0,0
S3_ped_heavy,intersection_ped_heavy,actuated,3,300.0,3.19,9,4.2,41.0,2.6,51.0,19,19.0,2,0.105,0,0,26.0,23.0,0,0,0,0,0,0,0,0,0,0,0,0
S3_ped_heavy,intersection_ped_heavy,actuated,4,300.0,3.053,8,4.0,41.0,2.7,51.0,19,19.0,2,0.105,0,0,25.0,24.0,0,0,0,0,0,0,0,0,0,0,0,0
S3_ped_heavy,intersection_ped_heavy,actuated,5,300.0,3.06,8,4.1,42.0,2.9,51.0,19,19.0,2,0.105,0,0,25.0,25.0,0,0,0,0,0,0,0,0,0,0,0,0
S3_ped_heavy,intersection_ped_heavy,actuated,6,300.0,3.13,8,4.1,41.0,2.7,51.0,19,19.0,2,0.105,0,0,25.0,23.0,0,0,0,0,0,0,0,0,0,0,0,0
S3_ped_heavy,intersection_ped_heavy,actuated,7,300.0,3.007,8,4.0,43.0,2.8,51.0,19,19.0,2,0.105,0,0,25.0,24.0,0,0,0,0,0,0,0,0,0,0,0,0
S3_ped_heavy,intersection_ped_heavy,actuated,8,300.0,3.03,8,4.0,41.0,2.6,50.0,19,19.0,2,0.105,0,0,25.0,23.0,0,0,0,0,0,0,0,0,0,0,0,0
S3_ped_heavy,intersection_ped_heavy,actuated,9,300.0,3.253,9,4.2,45.0,2.8,51.0,19,19.0,2,0.105,0,0,26.0,24.0,0,0,0,0,0,0,0,0,0,0,0,0
S3_ped_heavy,intersection_ped_heavy,actuated,10,300.0,3.23,9,4.3,44.0,2.8,52.0,19,19.0,2,0.105,0,0,27.0,24.0,0,0,0,0,0,0,0,0,0,0,0,0
S3_ped_heavy,intersection_ped_heavy,actuated,11,300.0,3.08,8,4.1,43.0,2.8,51.0,19,19.0,2,0.105,0,0,26.0,25.0,0,0,0,0,0,0,0,0,0,0,0,0
S3_ped_heavy,intersection_ped_heavy,actuated,12,300.0,3.047,8,4.0,41.0,2.8,50.0,19,19.0,2,0.105,0,0,25.0,24.0,0,0,0,0,0,0,0,0,0,0,0,0
S3_ped_heavy,intersection_ped_heavy,actuated,13,300.0,3.017,8,4.0,41.0,3.0,52.0,19,19.0,2,0.105,0,0,25.0,25.0,0,0,0,0,0,0,0,0,0,0,0,0
S3_ped_heavy,intersection_ped_heavy,actuated,14,300.0,3.197,9,4.2,43.0,2.8,52.0,19,19.0,2,0.105,0,0,26.0,24.0,0,0,0,0,0,0,0,0,0,0,0,0
S3_ped_heavy,intersection_ped_heavy,actuated,15,300.0,3.277,9,4.4,43.0,2.7,52.0,19,19.0,2,0.105,0,0,26.0,24.0,0,0,0,0,0,0,0,0,0,0,0,0
S3_ped_heavy,intersection_ped_heavy,actuated,16,300.0,3.117,8,4.1,41.0,2.7,51.0,19,19.0,2,0.105,0,0,25.0,23.0,0,0,0,0,0,0,0,0,0,0,0,0
S3_ped_heavy,intersection_ped_heavy,actuated,17,300.0,3.033,8,4.0,41.0,2.9,51.0,19,19.0,2,0.105,0,0,25.0,26.0,0,0,0,0,0,0,0,0,0,0,0,0
S3_ped_heavy,intersection_ped_heavy,actuated,18,300.0,3.203,9,4.2,43.0,2.7,51.0,19,19.0,2,0.105,0,0,26.0,24.0,0,0,0,0,0,0,0,0,0,0,0,0
S3_ped_heavy,intersection_ped_heavy,actuated,19,300.0,2.997,8,3.8,40.0,2.8,51.0,19,19.0,2,0.105,0,0,24.0,24.0,0,0,0,0,0,0,0,0,0,0,0,0
S3_ped_heavy,intersection_ped_heavy,adaptive_only,0,300.0,3.22,7,4.5,45.0,2.6,51.0,19,19.0,1,0.053,0,0,27.0,22.0,0,0,0,0,0,0,0,0,0,0,0,0
S3_ped_heavy,intersection_ped_heavy,adaptive_only,1,300.0,3.057,8,3.9,43.0,2.5,50.0,18,18.0,1,0.056,0,0,26.0,21.0,0,0,0,0,0,0,0,0,0,0,0,0
S3_ped_heavy,intersection_ped_heavy,adaptive_only,2,300.0,2.863,8,3.7,42.0,2.6,49.0,18,18.0,1,0.056,0,0,25.0,22.0,0,0,0,0,0,0,0,0,0,0,0,0
S3_ped_heavy,intersection_ped_heavy,adaptive_only,3,300.0,3.25,8,4.3,44.0,2.4,50.0,19,19.0,1,0.053,0,0,27.0,20.0,0,0,0,0,0,0,0,0,0,0,0,0
S3_ped_heavy,intersection_ped_heavy,adaptive_only,4,300.0,3.203,8,4.4,51.0,2.6,50.0,19,19.0,1,0.053,0,0,27.0,21.0,0,0,0,0,0,0,0,0,0,0,0,0
S3_ped_heavy,intersection_ped_heavy,adaptive_only,5,300.0,3.03,8,3.8,41.0,2.6,51.0,18,18.0,1,0.056,0,0,25.0,22.0,0,0,0,0,0,0,0,0,0,0,0,0
S3_ped_heavy,intersection_ped_heavy,adaptive_only,6,300.0,3.333,9,4.6,52.0,2.4,49.0,19,19.0,1,0.053,0,0,28.0,20.0,0,0,0,0,0,0,0,0,0,0,0,0
S3_ped_heavy,intersection_ped_heavy,adaptive_only,7,300.0,2.907,8,3.7,43.0,2.6,50.0,18,18.0,1,0.056,0,0,25.0,22.0,0,0,0,0,0,0,0,0,0,0,0,0
S3_ped_heavy,intersection_ped_heavy,adaptive_only,8,300.0,3.233,8,4.4,46.0,2.5,51.0,19,19.0,1,0.053,0,0,27.0,21.0,0,0,0,0,0,0,0,0,0,0,0,0
S3_ped_heavy,intersection_ped_heavy,adaptive_only,9,300.0,3.243,7,4.4,46.0,2.5,49.0,19,19.0,1,0.053,0,0,27.0,21.0,0,0,0,0,0,0,0,0,0,0,0,0
S3_ped_heavy,intersection_ped_heavy,adaptive_only,10,300.0,2.907,7,3.7,42.0,2.8,52.0,18,18.0,1,0.056,0,0,25.0,23.0,0,0,0,0,0,0,0,0,0,0,0,0
S3_ped_heavy,intersection_ped_heavy,adaptive_only,11,300.0,3.06,8,4.0,44.0,2.6,49.0,18,18.0,1,0.056,0,0,27.0,22.0,0,0,0,0,0,0,0,0,0,0,0,0
S3_ped_heavy,intersection_ped_heavy,adaptive_only,12,300.0,3.05,8,3.9,42.0,2.8,51.0,18,18.0,1,0.056,0,0,26.0,23.0,0,0,0,0,0,0,0,0,0,0,0,0
S3_ped_heavy,intersection_ped_heavy,adaptive_only,13,300.0,3.063,9,3.9,43.0,2.9,51.0,18,18.0,1,0.056,0,0,26.0,23.0,0,0,0,0,0,0,0,0,0,0,0,0
S3_ped_heavy,intersection_ped_heavy,adaptive_only,14,300.0,3.047,9,3.8,44.0,2.6,49.0,18,18.0,1,0.056,0,0,25.0,22.0,0,0,0,0,0,0,0,0,0,0,0,0
S3_ped_heavy,intersection_ped_heavy,adaptive_only,15,300.0,3.28,8,4.5,46.0,2.4,49.0,19,19.0,1,0.053,0,0,27.0,21.0,0,0,0,0,0,0,0,0,0,0,0,0
S3_ped_heavy,intersection_ped_heavy,adaptive_only,16,300.0,2.927,8,3.8,44.0,2.8,49.0,18,18.0,1,0.056,0,0,25.0,22.0,0,0,0,0,0,0,0,0,0,0,0,0
S3_ped_heavy,intersection_ped_heavy,adaptive_only,17,300.0,3.037,8,3.9,43.0,2.7,52.0,18,18.0,1,0.056,0,0,26.0,22.0,0,0,0,0,0,0,0,0,0,0,0,0
S3_ped_heavy,intersection_ped_heavy,adaptive_only,18,300.0,3.28,8,4.6,52.0,2.5,49.0,19,19.0,1,0.053,0,0,28.0,21.0,0,0,0,0,0,0,0,0,0,0,0,0
S3_ped_heavy,intersection_ped_heavy,adaptive_only,19,300.0,3.277,9,4.5,54.0,2.7,50.0,19,19.0,1,0.053,0,0,28.0,22.0,0,0,0,0,0,0,0,0,0,0,0,0
S3_ped_heavy,intersection_ped_heavy,adaptive_shield,0,300.0,3.237,9,4.5,47.0,2.3,49.0,18,18.0,1,0.056,0,1,28.0,19.0,0,0,1,0,17,0,0,0,0,0,0,0
S3_ped_heavy,intersection_ped_heavy,adaptive_shield,1,300.0,3.22,8,4.3,45.0,2.6,51.0,18,18.0,1,0.056,0,1,27.0,22.0,0,0,1,0,17,0,0,0,0,0,0,0
S3_ped_heavy,intersection_ped_heavy,adaptive_shield,2,300.0,2.95,7,3.9,47.0,2.6,52.0,18,18.0,1,0.056,0,1,25.0,21.0,0,0,1,0,17,0,0,0,0,0,0,0
S3_ped_heavy,intersection_ped_heavy,adaptive_shield,3,300.0,2.837,8,3.5,43.0,2.6,51.0,18,18.0,1,0.056,0,1,24.0,22.0,0,0,1,1,17,0,0,0,0,0,0,0
S3_ped_heavy,intersection_ped_heavy,adaptive_shield,4,300.0,2.823,8,3.6,43.0,2.6,51.0,18,18.0,1,0.056,0,2,24.0,22.0,0,0,2,0,17,0,0,0,0,0,0,0
S3_ped_heavy,intersection_ped_heavy,adaptive_shield,5,300.0,3.013,8,4.1,49.0,2.2,49.0,18,18.0,1,0.056,0,1,27.0,18.0,0,0,1,0,17,0,0,0,0,0,0,0
S3_ped_heavy,intersection_ped_heavy,adaptive_shield,6,300.0,3.257,9,4.6,47.0,2.6,51.0,18,18.0,1,0.056,0,1,29.0,21.0,0,0,1,0,17,0,0,0,0,0,0,0
S3_ped_heavy,intersection_ped_heavy,adaptive_shield,7,300.0,2.843,8,3.7,48.0,2.4,51.0,18,18.0,1,0.056,0,1,24.0,20.0,0,0,1,0,17,0,0,0,0,0,0,0
S3_ped_heavy,intersection_ped_heavy,adaptive_shield,8,300.0,2.927,8,3.7,43.0,2.5,50.0,18,18.0,1,0.056,0,1,25.0,22.0,0,0,1,0,17,0,0,0,0,0,0,0
S3_ped_heavy,intersection_ped_heavy,adaptive_shield,9,300.0,2.783,7,3.6,45.0,2.8,50.0,18,18.0,1,0.056,0,1,24.0,22.0,0,0,1,0,17,0,0,0,0,0,0,0
S3_ped_heavy,intersection_ped_heavy,adaptive_shield,10,300.0,3.137,9,4.3,47.0,2.5,51.0,18,18.0,1,0.056,0,1,27.0,20.0,0,0,1,0,17,0,0,0,0,0,0,0
S3_ped_heavy,intersection_ped_heavy,adaptive_shield,11,300.0,2.85,7,3.8,47.0,2.4,47.0,18,18.0,1,0.056,0,1,24.0,20.0,0,0,1,0,17,0,0,0,0,0,0,0
S3_ped_heavy,intersection_ped_heavy,adaptive_shield,12,300.0,3.18,8,4.2,47.0,2.4,49.0,18,18.0,1,0.056,0,1,26.0,20.0,0,0,1,1,17,0,0,0,0,0,0,0
S3_ped_heavy,intersection_ped_heavy,adaptive_shield,13,300.0,2.71,7,3.6,44.0,2.4,49.0,18,18.0,1,0.056,0,1,24.0,19.0,0,0,1,0,17,0,0,0,0,0,0,0
S3_ped_heavy,intersection_ped_heavy,adaptive_shield,14,300.0,3.003,8,4.0,49.0,2.4,50.0,18,18.0,1,0.056,0,1,26.0,21.0,0,0,1,1,17,0,0,0,0,0,0,0
S3_ped_heavy,intersection_ped_heavy,adaptive_shield,15,300.0,3.007,9,4.2,47.0,2.5,51.0,18,18.0,1,0.056,0,1,27.0,20.0,0,0,1,0,17,0,0,0,0,0,0,0
S3_ped_heavy,intersection_ped_heavy,adaptive_shield,16,300.0,3.147,9,4.3,47.0,2.7,50.0,18,18.0,1,0.056,0,1,27.0,21.0,0,0,1,0,17,0,0,0,0,0,0,0
S3_ped_heavy,intersection_ped_heavy,adaptive_shield,17,300.0,2.853,7,3.8,46.0,2.4,48.0,18,18.0,1,0.056,0,1,24.0,20.0,0,0,1,0,17,0,0,0,0,0,0,0
S3_ped_heavy,intersection_ped_heavy,adaptive_shield,18,300.0,2.757,7,3.4,43.0,2.8,50.0,18,18.0,1,0.056,0,1,23.0,23.0,0,0,1,1,17,0,0,0,0,0,0,0
S3_ped_heavy,intersection_ped_heavy,adaptive_shield,19,300.0,2.84,8,3.6,44.0,2.7,51.0,18,18.0,1,0.056,0,2,23.0,22.0,0,0,2,0,17,0,0,0,0,0,0,0
S4_delay_detection,intersection_balanced,fixed_time,0,300.0,4.573,13,7.9,70.0,6.3,85.0,11,11.0,1,0.091,0,0,44.0,45.0,0,4,0,0,0,0,3038,5,0,0,0,0
S4_delay_detection,intersection_balanced,fixed_time,1,300.0,4.543,12,8.0,69.0,6.3,83.0,11,11.0,1,0.091,0,0,43.0,45.0,0,3,0,0,0,0,3042,5,0,0,0,0
S4_delay_detection,intersection_balanced,fixed_time,2,300.0,4.263,12,7.5,64.0,6.1,82.0,11,11.0,1,0.091,0,0,42.0,44.0,0,3,0,0,0,0,3044,5,0,0,0,0
S4_delay_detection,intersection_balanced,fixed_time,3,300.0,4.147,12,7.1,67.0,6.4,82.0,11,11.0,1,0.091,0,0,41.0,46.0,0,5,0,0,0,0,3044,5,0,0,0,0
S4_delay_detection,intersection_balanced,fixed_time,4,300.0,4.137,12,7.4,70.0,6.3,81.0,11,11.0,1,0.091,0,0,41.0,45.0,0,4,0,0,0,0,3039,5,0,0,0,0
S4_delay_detection,intersection_balanced,fixed_time,5,300.0,4.34,12,7.6,70.0,6.2,86.0,11,11.0,1,0.091,0,0,42.0,45.0,0,4,0,0,0,0,3043,5,0,0,0,0
S4_delay_detection,intersection_balanced,fixed_time,6,300.0,4.34,12,7.6,67.0,6.4,80.0,11,11.0,1,0.091,0,0,43.0,45.0,0,5,0,0,0,0,3040,5,0,0,0,0
S4_delay_detection,intersection_balanced,fixed_time,7,300.0,4.083,11,7.1,63.0,6.4,82.0,11,11.0,1,0.091,0,0,40.0,45.0,0,4,0,0,0,0,3038,5,0,0,0,0
S4_delay_detection,intersection_balanced,fixed_time,8,300.0,4.357,12,7.6,68.0,5.9,83.0,11,11.0,1,0.091,0,0,42.0,43.0,0,3,0,0,0,0,3047,5,0,0,0,0
S4_delay_detection,intersection_balanced,fixed_time,9,300.0,4.37,12,7.6,70.0,6.2,82.0,11,11.0,1,0.091,0,0,42.0,45.0,0,3,0,0,0,0,3044,5,0,0,0,0
S4_delay_detection,intersection_balanced,fixed_time,10,300.0,4.81,13,8.5,68.0,6.6,83.0,11,11.0,1,0.091,0,0,45.0,46.0,0,5,0,0,0,0,3042,5,0,0,0,0
S4_delay_detection,intersection_balanced,fixed_time,11,300.0,4.337,12,7.8,68.0,6.3,82.0,11,11.0,1,0.091,0,0,42.0,45.0,0,4,0,0,0,0,3042,5,0,0,0,0
S4_delay_detection,intersection_balanced,fixed_time,12,300.0,4.337,12,7.8,67.0,6.2,83.0,11,11.0,1,0.091,0,0,42.0,45.0,0,4,0,0,0,0,3044,5,0,0,0,0
S4_delay_detection,intersection_balanced,fixed_time,13,300.0,4.06,12,7.0,65.0,6.3,85.0,11,11.0,1,0.091,0,0,40.0,45.0,0,4,0,0,0,0,3048,5,0,0,0,0
S4_delay_detection,intersection_balanced,fixed_time,14,300.0,4.34,12,7.6,69.0,6.5,81.0,11,11.0,1,0.091,0,0,42.0,45.0,0,3,0,0,0,0,3048,5,0,0,0,0
S4_delay_detection,intersection_balanced,fixed_time,15,300.0,4.37,12,7.7,68.0,5.9,79.0,11,11.0,1,0.091,0,0,43.0,44.0,0,4,0,0,0,0,3041,5,0,0,0,0
S4_delay_detection,intersection_balanced,fixed_time,16,300.0,3.877,11,6.8,62.0,6.4,85.0,11,11.0,1,0.091,0,0,39.0,46.0,0,4,0,0,0,0,3040,5,0,0,0,0
S4_delay_detection,intersection_balanced,fixed_time,17,300.0,4.35,12,7.7,70.0,6.3,83.0,11,11.0,1,0.091,0,0,43.0,45.0,0,4,0,0,0,0,3048,5,0,0,0,0
S4_delay_detection,intersection_balanced,fixed_time,18,300.0,4.27,12,7.4,69.0,6.4,84.0,11,11.0,1,0.091,0,0,41.0,45.0,0,4,0,0,0,0,3045,5,0,0,0,0
S4_delay_detection,intersection_balanced,fixed_time,19,300.0,4.107,11,7.0,67.0,6.6,83.0,11,11.0,1,0.091,0,0,41.0,45.0,0,4,0,0,0,0,3041,5,0,0,0,0
S4_delay_detection,intersection_balanced,actuated,0,300.0,3.123,8,4.1,42.0,2.2,47.0,19,19.0,3,0.158,0,0,25.0,19.0,0,0,0,0,0,0,3145,5,0,0,0,0
S4_delay_detection,intersection_balanced,actuated,1,300.0,3.087,8,4.0,43.0,2.5,51.0,19,19.0,3,0.158,0,0,25.0,21.0,0,0,0,0,0,0,3149,5,0,0,0,0
S4_delay_detection,intersection_balanced,actuated,2,300.0,3.17,8,4.2,42.0,2.0,45.0,19,19.0,4,0.211,0,0,25.0,19.0,0,0,0,0,0,0,3148,5,0,0,0,0
S4_delay_detection,intersection_balanced,actuated,3,300.0,3.113,8,4.1,41.0,2.1,44.0,19,19.0,3,0.158,0,0,25.0,18.0,0,0,0,0,0,0,3145,5,0,0,0,0
S4_delay_detection,intersection_balanced,actuated,4,300.0,3.167,8,4.2,41.0,2.2,47.0,19,19.0,3,0.158,0,0,26.0,19.0,0,0,0,0,0,0,3146,5,0,0,0,0
S4_delay_detection,intersection_balanced,actuated,5,300.0,3.203,8,4.3,43.0,2.2,45.0,19,19.0,3,0.158,0,0,26.0,20.0,0,0,0,0,0,0,3145,5,0,0,0,0
S4_delay_detection,intersection_balanced,actuated,6,300.0,3.05,8,4.0,43.0,2.3,48.0,19,19.0,3,0.158,0,0,25.0,20.0,0,0,0,0,0,0,3145,5,0,0,0,0
S4_delay_detection,intersection_balanced,actuated,7,300.0,3.027,8,3.9,44.0,2.5,51.0,19,19.0,3,0.158,0,0,25.0,22.0,0,0,0,0,0,0,3145,5,0,0,0,0
S4_delay_detection,intersection_balanced,actuated,8,300.0,3.093,8,4.1,42.0,2.2,45.0,19,19.0,4,0.211,0,0,26.0,19.0,0,0,0,0,0,0,3145,5,0,0,0,0
S4_delay_detection,intersection_balanced,actuated,9,300.0,3.187,8,4.3,43.0,2.1,46.0,19,19.0,3,0.158,0,0,26.0,19.0,0,0,0,0,0,0,3146,5,0,0,0,0
S4_delay_detection,intersection_balanced,actuated,10,300.0,3.127,8,4.1,43.0,2.3,42.0,19,19.0,3,0.158,0,0,25.0,19.0,0,0,0,0,0,0,3146,5,0,0,0,0
S4_delay_detection,intersection_balanced,actuated,11,300.0,3.16,8,4.2,44.0,2.3,46.0,19,19.0,3,0.158,0,0,26.0,20.0,0,0,0,0,0,0,3142,5,0,0,0,0
S4_delay_detection,intersection_balanced,actuated,12,300.0,3.09,8,4.0,42.0,2.2,45.0,19,19.0,3,0.158,0,0,25.0,19.0,0,0,0,0,0,0,3129,5,0,0,0,0
S4_delay_detection,intersection_balanced,actuated,13,300.0,3.293,8,4.4,43.0,2.2,47.0,19,19.0,3,0.158,0,0,26.0,20.0,0,0,0,0,0,0,3147,5,0,0,0,0
S4_delay_detection,intersection_balanced,actuated,14,300.0,3.167,8,4.2,42.0,2.2,45.0,19,19.0,3,0.158,0,0,26.0,19.0,0,0,0,0,0,0,3147,5,0,0,0,0
S4_delay_detection,intersection_balanced,actuated,15,300.0,3.217,8,4.2,42.0,2.0,46.0,19,19.0,3,0.158,0,0,26.0,18.0,0,0,0,0,0,0,3131,5,0,0,0,0
S4_delay_detection,intersection_balanced,actuated,16,300.0,3.157,8,4.2,41.0,2.2,44.0,19,19.0,3,0.158,0,0,26.0,19.0,0,0,0,0,0,0,3147,5,0,0,0,0
S4_delay_detection,intersection_balanced,actuated,17,300.0,3.073,8,4.1,42.0,2.2,48.0,19,19.0,3,0.158,0,0,26.0,20.0,0,0,0,0,0,0,3145,5,0,0,0,0
S4_delay_detection,intersection_balanced,actuated,18,300.0,3.15,8,4.2,43.0,2.2,47.0,19,19.0,3,0.158,0,0,26.0,19.0,0,0,0,0,0,0,3146,5,0,0,0,0
S4_delay_detection,intersection_balanced,actuated,19,300.0,3.167,9,4.1,43.0,2.5,52.0,19,19.0,3,0.158,0,0,26.0,22.0,0,0,0,0,0,0,3146,5,0,0,0,0
S4_delay_detection,intersection_balanced,adaptive_only,0,300.0,2.783,8,3.5,43.0,3.8,68.0,18,18.0,2,0.111,0,0,23.0,29.0,0,1,0,0,0,0,3187,5,0,0,0,0
S4_delay_detection,intersection_balanced,adaptive_only,1,300.0,2.467,7,3.0,42.0,4.0,60.0,18,18.0,2,0.111,0,0,21.0,29.0,0,0,0,0,0,0,3185,5,0,0,0,0
S4_delay_detection,intersection_balanced,adaptive_only,2,300.0,2.993,8,3.8,43.0,3.4,46.0,18,18.0,2,0.111,0,0,25.0,27.0,0,0,0,0,0,0,3182,5,0,0,0,0
S4_delay_detection,intersection_balanced,adaptive_only,3,300.0,2.36,7,2.7,38.0,3.5,59.0,18,18.0,2,0.111,0,0,20.0,27.0,0,0,0,0,0,0,3190,5,0,0,0,0
S4_delay_detection,intersection_balanced,adaptive_only,4,300.0,2.547,8,3.1,40.0,3.5,59.0,18,18.0,2,0.111,0,0,21.0,28.0,0,0,0,0,0,0,3188,5,0,0,0,0
S4_delay_detection,intersection_balanced,adaptive_only,5,300.0,2.687,7,3.4,43.0,3.1,49.0,18,18.0,2,0.111,0,0,23.0,26.0,0,0,0,0,0,0,3183,5,0,0,0,0
S4_delay_detection,intersection_balanced,adaptive_only,6,300.0,2.833,8,3.6,44.0,3.4,51.0,18,18.0,2,0.111,0,0,24.0,26.0,0,0,0,0,0,0,3181,5,0,0,0,0
S4_delay_detection,intersection_balanced,adaptive_only,7,300.0,2.72,8,3.4,43.0,3.5,60.0,18,18.0,2,0.111,0,0,23.0,27.0,0,0,0,0,0,0,3187,5,0,0,0,0
S4_delay_detection,intersection_balanced,adaptive_only,8,300.0,2.583,7,3.2,40.0,4.2,62.0,18,18.0,2,0.111,0,0,22.0,31.0,0,1,0,0,0,0,3189,5,0,0,0,0
S4_delay_detection,intersection_balanced,adaptive_only,9,300.0,2.547,8,3.1,41.0,4.0,63.0,18,18.0,2,0.111,0,0,22.0,29.0,0,3,0,0,0,0,3198,5,0,0,0,0
S4_delay_detection,intersection_balanced,adaptive_only,10,300.0,2.51,7,2.9,39.0,3.6,61.0,18,18.0,2,0.111,0,0,21.0,27.0,0,1,0,0,0,0,3190,5,0,0,0,0
S4_delay_detection,intersection_balanced,adaptive_only,11,300.0,2.55,7,3.2,42.0,3.0,44.0,18,18.0,2,0.111,0,0,22.0,24.0,0,0,0,0,0,0,3189,5,0,0,0,0
S4_delay_detection,intersection_balanced,adaptive_only,12,300.0,2.913,7,3.8,42.0,3.3,49.0,18,18.0,1,0.056,0,0,24.0,27.0,0,0,0,0,0,0,3181,5,0,0,0,0
S4_delay_detection,intersection_balanced,adaptive_only,13,300.0,2.8,7,3.6,43.0,3.1,48.0,18,18.0,2,0.111,0,0,24.0,25.0,0,0,0,0,0,0,3183,5,0,0,0,0
S4_delay_detection,intersection_balanced,adaptive_only,14,300.0,2.68,8,3.3,43.0,3.1,47.0,18,18.0,3,0.167,0,0,23.0,25.0,0,0,0,0,0,0,3186,5,0,0,0,0
S4_delay_detection,intersection_balanced,adaptive_only,15,300.0,2.543,7,3.2,43.0,4.0,67.0,18,18.0,2,0.111,0,0,22.0,31.0,0,2,0,0,0,0,3193,5,0,0,0,0
S4_delay_detection,intersection_balanced,adaptive_only,16,300.0,2.723,7,3.5,43.0,3.3,50.0,18,18.0,2,0.111,0,0,24.0,26.0,0,0,0,0,0,0,3183,5,0,0,0,0
S4_delay_detection,intersection_balanced,adaptive_only,17,300.0,2.687,7,3.5,43.0,3.1,50.0,18,18.0,2,0.111,0,0,24.0,26.0,0,0,0,0,0,0,3186,5,0,0,0,0
S4_delay_detection,intersection_balanced,adaptive_only,18,300.0,2.653,8,3.3,43.0,3.2,47.0,18,18.0,2,0.111,0,0,23.0,26.0,0,0,0,0,0,0,3186,5,0,0,0,0
S4_delay_detection,intersection_balanced,adaptive_only,19,300.0,2.87,8,3.8,45.0,3.8,51.0,18,18.0,2,0.111,0,0,25.0,29.0,0,0,0,0,0,0,3181,5,0,0,0,0
S4_delay_detection,intersection_balanced,adaptive_shield,0,300.0,2.583,8,3.1,39.0,3.8,51.0,17,17.0,2,0.118,0,0,23.0,26.0,0,0,0,1,16,0,3265,5,0,0,0,0
S4_delay_detection,intersection_balanced,adaptive_shield,1,300.0,3.127,7,4.2,45.0,5.0,71.0,18,18.0,2,0.111,0,0,27.0,31.0,0,1,0,1,17,0,3270,5,0,0,0,0
S4_delay_detection,intersection_balanced,adaptive_shield,2,300.0,2.573,7,3.1,38.0,3.9,61.0,17,17.0,1,0.059,0,0,21.0,30.0,0,1,0,1,16,0,3250,5,0,0,0,0
S4_delay_detection,intersection_balanced,adaptive_shield,3,300.0,2.66,8,3.2,42.0,4.3,56.0,18,18.0,1,0.056,0,0,22.0,30.0,0,0,0,1,17,0,3263,5,0,0,0,0
S4_delay_detection,intersection_balanced,adaptive_shield,4,300.0,2.607,8,3.1,44.0,4.6,68.0,18,18.0,1,0.056,0,0,22.0,31.0,0,1,0,1,17,0,3266,5,0,0,0,0
S4_delay_detection,intersection_balanced,adaptive_shield,5,300.0,2.79,8,3.4,43.0,4.0,50.0,18,18.0,2,0.111,0,0,24.0,27.0,0,0,0,1,17,0,3263,5,0,0,0,0
S4_delay_detection,intersection_balanced,adaptive_shield,6,300.0,2.627,7,3.2,43.0,3.8,52.0,18,18.0,1,0.056,0,0,23.0,27.0,0,0,0,1,17,0,3261,5,0,0,0,0
S4_delay_detection,intersection_balanced,adaptive_shield,7,300.0,2.613,8,3.2,41.0,3.9,51.0,18,18.0,1,0.056,0,0,22.0,27.0,0,0,0,1,17,0,3269,5,0,0,0,0
S4_delay_detection,intersection_balanced,adaptive_shield,8,300.0,2.84,8,3.8,41.0,4.0,51.0,18,18.0,2,0.111,0,0,25.0,27.0,0,0,0,1,17,0,3271,5,0,0,0,0
S4_delay_detection,intersection_balanced,adaptive_shield,9,300.0,2.57,8,3.1,41.0,4.1,68.0,18,18.0,1,0.056,0,0,22.0,29.0,0,1,0,1,17,0,3270,5,0,0,0,0
S4_delay_detection,intersection_balanced,adaptive_shield,10,300.0,2.663,7,3.4,40.0,4.0,60.0,18,18.0,1,0.056,0,0,22.0,28.0,0,0,0,1,17,0,3270,5,0,0,0,0
S4_delay_detection,intersection_balanced,adaptive_shield,11,300.0,2.78,9,3.4,42.0,3.8,51.0,18,18.0,2,0.111,0,0,24.0,25.0,0,0,0,1,17,0,3266,5,0,0,0,0
S4_delay_detection,intersection_balanced,adaptive_shield,12,300.0,2.66,8,3.5,39.0,3.8,51.0,18,18.0,2,0.111,0,0,23.0,26.0,0,0,0,1,17,0,3267,5,0,0,0,0
S4_delay_detection,intersection_balanced,adaptive_shield,13,300.0,2.92,9,3.6,44.0,4.1,50.0,18,18.0,2,0.111,0,0,25.0,28.0,0,0,0,1,17,0,3265,5,0,0,0,0
S4_delay_detection,intersection_balanced,adaptive_shield,14,300.0,2.623,8,3.0,41.0,4.1,58.0,18,18.0,1,0.056,0,0,21.0,30.0,0,0,0,1,17,0,3267,5,0,0,0,0
S4_delay_detection,intersection_balanced,adaptive_shield,15,300.0,2.873,9,3.7,42.0,3.6,53.0,18,18.0,2,0.111,0,0,25.0,25.0,0,0,0,1,17,0,3255,5,0,0,0,0
S4_delay_detection,intersection_balanced,adaptive_shield,16,300.0,2.713,8,3.5,39.0,3.9,60.0,18,18.0,1,0.056,0,0,23.0,28.0,0,0,0,1,17,0,3272,5,0,0,0,0
S4_delay_detection,intersection_balanced,adaptive_shield,17,300.0,2.803,8,3.5,42.0,4.0,51.0,18,18.0,2,0.111,0,0,25.0,27.0,0,0,0,1,17,0,3263,5,0,0,0,0
S4_delay_detection,intersection_balanced,adaptive_shield,18,300.0,2.62,7,3.2,40.0,3.9,56.0,17,17.0,1,0.059,0,0,22.0,27.0,0,0,0,1,16,0,3265,5,0,0,0,0
S4_delay_detection,intersection_balanced,adaptive_shield,19,300.0,2.62,8,3.2,40.0,3.4,53.0,18,18.0,1,0.056,0,0,22.0,26.0,0,0,0,2,17,0,3276,5,0,0,0,0
S5_false_ped_and_burst,intersection_bursty_ped,fixed_time,0,300.0,4.603,13,7.9,68.0,3.2,83.0,11,11.0,1,0.091,0,0,44.0,25.0,0,2,0,0,0,0,0,0,60,route_based,0,0
S5_false_ped_and_burst,intersection_bursty_ped,fixed_time,1,300.0,4.27,12,7.6,67.0,3.2,80.0,11,11.0,1,0.091,0,0,42.0,26.0,0,2,0,0,0,0,0,0,70,route_based,0,0
S5_false_ped_and_burst,intersection_bursty_ped,fixed_time,2,300.0,3.853,11,6.6,63.0,3.1,83.0,11,11.0,1,0.091,0,0,39.0,25.0,0,2,0,0,0,0,0,0,66,route_based,0,0
S5_false_ped_and_burst,intersection_bursty_ped,fixed_time,3,300.0,4.393,12,7.8,70.0,3.1,81.0,11,11.0,1,0.091,0,0,43.0,25.0,0,2,0,0,0,0,0,0,64,route_based,0,0
S5_false_ped_and_burst,intersection_bursty_ped,fixed_time,4,300.0,4.393,13,7.9,70.0,3.2,83.0,11,11.0,1,0.091,0,0,44.0,26.0,0,2,0,0,0,0,0,0,67,route_based,0,0
S5_false_ped_and_burst,intersection_bursty_ped,fixed_time,5,300.0,4.163,12,7.4,69.0,3.3,84.0,11,11.0,1,0.091,0,0,41.0,26.0,0,2,0,0,0,0,0,0,65,route_based,0,0
S5_false_ped_and_burst,intersection_bursty_ped,fixed_time,6,300.0,4.073,12,7.1,67.0,3.4,82.0,11,11.0,1,0.091,0,0,40.0,27.0,0,2,0,0,0,0,0,0,72,route_based,0,0
S5_false_ped_and_burst,intersection_bursty_ped,fixed_time,7,300.0,4.343,12,7.8,69.0,3.1,84.0,11,11.0,1,0.091,0,0,42.0,25.0,0,2,0,0,0,0,0,0,73,route_based,0,0
S5_false_ped_and_burst,intersection_bursty_ped,fixed_time,8,300.0,4.323,12,7.6,70.0,3.1,83.0,11,11.0,1,0.091,0,0,43.0,25.0,0,2,0,0,0,0,0,0,68,route_based,0,0
S5_false_ped_and_burst,intersection_bursty_ped,fixed_time,9,300.0,4.403,12,7.7,68.0,3.3,85.0,11,11.0,1,0.091,0,0,43.0,26.0,0,2,0,0,0,0,0,0,65,route_based,0,0
S5_false_ped_and_burst,intersection_bursty_ped,fixed_time,10,300.0,4.58,13,8.0,70.0,3.7,86.0,11,11.0,1,0.091,0,0,44.0,29.0,0,3,0,0,0,0,0,0,70,route_based,0,0
S5_false_ped_and_burst,intersection_bursty_ped,fixed_time,11,300.0,3.85,11,6.6,61.0,3.3,84.0,11,11.0,1,0.091,0,0,38.0,26.0,0,2,0,0,0,0,0,0,73,route_based,0,0
S5_false_ped_and_burst,intersection_bursty_ped,fixed_time,12,300.0,4.38,12,7.9,67.0,3.1,84.0,11,11.0,1,0.091,0,0,43.0,25.0,0,2,0,0,0,0,0,0,69,route_based,0,0
S5_false_ped_and_burst,intersection_bursty_ped,fixed_time,13,300.0,4.83,13,8.6,69.0,3.6,85.0,11,11.0,1,0.091,0,0,45.0,28.0,0,3,0,0,0,0,0,0,62,route_based,0,0
S5_false_ped_and_burst,intersection_bursty_ped,fixed_time,14,300.0,4.157,11,7.1,69.0,3.3,83.0,11,11.0,1,0.091,0,0,41.0,26.0,0,2,0,0,0,0,0,0,74,route_based,0,0
S5_false_ped_and_burst,intersection_bursty_ped,fixed_time,15,300.0,4.393,12,7.8,69.0,3.2,84.0,11,11.0,1,0.091,0,0,43.0,26.0,0,2,0,0,0,0,0,0,60,route_based,0,0
S5_false_ped_and_burst,intersection_bursty_ped,fixed_time,16,300.0,4.153,11,7.3,67.0,3.2,82.0,11,11.0,1,0.091,0,0,42.0,26.0,0,2,0,0,0,0,0,0,68,route_based,0,0
S5_false_ped_and_burst,intersection_bursty_ped,fixed_time,17,300.0,4.387,13,7.9,70.0,3.2,83.0,11,11.0,1,0.091,0,0,43.0,26.0,0,2,0,0,0,0,0,0,63,route_based,0,0
S5_false_ped_and_burst,intersection_bursty_ped,fixed_time,18,300.0,4.337,13,7.4,69.0,3.2,84.0,11,11.0,1,0.091,0,0,42.0,26.0,0,2,0,0,0,0,0,0,66,route_based,0,0
S5_false_ped_and_burst,intersection_bursty_ped,fixed_time,19,300.0,4.59,13,8.0,68.0,3.3,82.0,11,11.0,1,0.091,0,0,44.0,27.0,0,2,0,0,0,0,0,0,71,route_based,0,0
S5_false_ped_and_burst,intersection_bursty_ped,actuated,0,300.0,3.103,8,4.0,44.0,2.9,46.0,19,19.0,3,0.158,0,0,25.0,24.0,0,0,0,0,0,0,0,0,60,route_based,0,0
S5_false_ped_and_burst,intersection_bursty_ped,actuated,1,300.0,3.06,8,4.0,42.0,3.0,51.0,19,19.0,2,0.105,0,0,25.0,24.0,0,0,0,0,0,0,0,0,70,route_based,0,0
S5_false_ped_and_burst,intersection_bursty_ped,actuated,2,300.0,2.977,8,3.9,41.0,3.1,51.0,19,19.0,3,0.158,0,0,24.0,25.0,0,0,0,0,0,0,0,0,66,route_based,0,0
S5_false_ped_and_burst,intersection_bursty_ped,actuated,3,300.0,3.087,8,4.0,41.0,2.9,52.0,19,19.0,2,0.105,0,0,25.0,24.0,0,0,0,0,0,0,0,0,64,route_based,0,0
S5_false_ped_and_burst,intersection_bursty_ped,actuated,4,300.0,3.133,8,4.1,41.0,2.8,48.0,19,19.0,2,0.105,0,0,25.0,23.0,0,0,0,0,0,0,0,0,67,route_based,0,0
S5_false_ped_and_burst,intersection_bursty_ped,actuated,5,300.0,3.057,8,4.0,42.0,2.8,49.0,19,19.0,4,0.211,0,0,25.0,23.0,0,0,0,0,0,0,0,0,65,route_based,0,0
S5_false_ped_and_burst,intersection_bursty_ped,actuated,6,300.0,3.053,8,4.0,41.0,2.9,46.0,19,19.0,4,0.211,0,0,25.0,24.0,0,0,0,0,0,0,0,0,72,route_based,0,0
S5_false_ped_and_burst,intersection_bursty_ped,actuated,7,300.0,3.013,8,4.0,43.0,2.9,50.0,19,19.0,2,0.105,0,0,25.0,24.0,0,0,0,0,0,0,0,0,73,route_based,0,0
S5_false_ped_and_burst,intersection_bursty_ped,actuated,8,300.0,3.05,8,4.1,41.0,3.0,51.0,19,19.0,3,0.158,0,0,25.0,24.0,0,0,0,0,0,0,0,0,68,route_based,0,0
S5_false_ped_and_burst,intersection_bursty_ped,actuated,9,300.0,3.177,9,4.1,42.0,3.1,49.0,19,19.0,4,0.211,0,0,26.0,25.0,0,0,0,0,0,0,0,0,65,route_based,0,0
S5_false_ped_and_burst,intersection_bursty_ped,actuated,10,300.0,3.21,9,4.2,44.0,2.8,50.0,19,19.0,2,0.105,0,0,26.0,24.0,0,0,0,0,0,0,0,0,70,route_based,0,0
S5_false_ped_and_burst,intersection_bursty_ped,actuated,11,300.0,3.06,8,4.1,43.0,2.9,48.0,19,19.0,3,0.158,0,0,25.0,24.0,0,0,0,0,0,0,0,0,73,route_based,0,0
S5_false_ped_and_burst,intersection_bursty_ped,actuated,12,300.0,3.19,9,4.2,45.0,3.0,52.0,19,19.0,4,0.211,0,0,26.0,25.0,0,0,0,0,0,0,0,0,69,route_based,0,0
S5_false_ped_and_burst,intersection_bursty_ped,actuated,13,300.0,3.203,9,4.2,44.0,3.2,51.0,19,19.0,2,0.105,0,0,26.0,25.0,0,0,0,0,0,0,0,0,62,route_based,0,0
S5_false_ped_and_burst,intersection_bursty_ped,actuated,14,300.0,3.057,8,4.1,41.0,2.9,51.0,19,19.0,3,0.158,0,0,25.0,24.0,0,0,0,0,0,0,0,0,74,route_based,0,0
S5_false_ped_and_burst,intersection_bursty_ped,actuated,15,300.0,3.117,8,4.1,41.0,3.0,50.0,19,19.0,3,0.158,0,0,25.0,24.0,0,0,0,0,0,0,0,0,60,route_based,0,0
S5_false_ped_and_burst,intersection_bursty_ped,actuated,16,300.0,3.043,8,4.0,40.0,2.9,47.0,19,19.0,3,0.158,0,0,25.0,23.0,0,0,0,0,0,0,0,0,68,route_based,0,0
S5_false_ped_and_burst,intersection_bursty_ped,actuated,17,300.0,3.237,9,4.3,44.0,3.0,52.0,19,19.0,2,0.105,0,0,26.0,24.0,0,0,0,0,0,0,0,0,63,route_based,0,0
S5_false_ped_and_burst,intersection_bursty_ped,actuated,18,300.0,3.01,8,4.0,41.0,2.8,49.0,19,19.0,3,0.158,0,0,25.0,24.0,0,0,0,0,0,0,0,0,66,route_based,0,0
S5_false_ped_and_burst,intersection_bursty_ped,actuated,19,300.0,2.993,8,3.9,40.0,3.0,52.0,19,19.0,2,0.105,0,0,24.0,24.0,0,0,0,0,0,0,0,0,71,route_based,0,0
S5_false_ped_and_burst,intersection_bursty_ped,adaptive_only,0,300.0,3.37,9,4.5,57.0,2.0,59.0,19,19.0,2,0.105,0,0,28.0,17.0,0,0,0,0,0,0,0,0,60,route_based,0,0
S5_false_ped_and_burst,intersection_bursty_ped,adaptive_only,1,300.0,3.233,9,4.4,55.0,2.3,49.0,19,19.0,1,0.053,0,0,27.0,20.0,0,0,0,0,0,0,0,0,70,route_based,0,0
S5_false_ped_and_burst,intersection_bursty_ped,adaptive_only,2,300.0,3.077,8,4.2,53.0,1.7,58.0,19,19.0,1,0.053,0,0,27.0,16.0,0,0,0,0,0,0,0,0,66,route_based,0,0
S5_false_ped_and_burst,intersection_bursty_ped,adaptive_only,3,300.0,3.56,10,5.1,57.0,2.1,55.0,19,19.0,1,0.053,0,0,30.0,18.0,0,0,0,0,0,0,0,0,64,route_based,0,0
S5_false_ped_and_burst,intersection_bursty_ped,adaptive_only,4,300.0,3.303,8,4.8,53.0,1.6,59.0,19,19.0,1,0.053,0,0,28.0,15.0,0,0,0,0,0,0,0,0,67,route_based,0,0
S5_false_ped_and_burst,intersection_bursty_ped,adaptive_only,5,300.0,3.117,8,4.1,50.0,2.1,52.0,19,19.0,1,0.053,0,0,26.0,19.0,0,0,0,0,0,0,0,0,65,route_based,0,0
S5_false_ped_and_burst,intersection_bursty_ped,adaptive_only,6,300.0,3.097,11,4.0,53.0,1.8,70.0,18,18.0,1,0.056,0,0,27.0,15.0,0,1,0,0,0,0,0,0,72,route_based,0,0
S5_false_ped_and_burst,intersection_bursty_ped,adaptive_only,7,300.0,3.66,9,5.1,54.0,1.8,62.0,19,19.0,1,0.053,0,0,30.0,16.0,0,1,0,0,0,0,0,0,73,route_based,0,0
S5_false_ped_and_burst,intersection_bursty_ped,adaptive_only,8,300.0,3.617,9,5.2,54.0,1.8,54.0,19,19.0,1,0.053,0,0,31.0,17.0,0,0,0,0,0,0,0,0,68,route_based,0,0
S5_false_ped_and_burst,intersection_bursty_ped,adaptive_only,9,300.0,3.017,7,3.9,48.0,2.5,50.0,19,19.0,2,0.105,0,0,25.0,22.0,0,0,0,0,0,0,0,0,65,route_based,0,0
S5_false_ped_and_burst,intersection_bursty_ped,adaptive_only,10,300.0,3.243,9,4.5,57.0,1.8,66.0,19,19.0,1,0.053,0,0,28.0,16.0,0,1,0,0,0,0,0,0,70,route_based,0,0
S5_false_ped_and_burst,intersection_bursty_ped,adaptive_only,11,300.0,3.47,9,5.0,56.0,2.2,51.0,19,19.0,1,0.053,0,0,30.0,19.0,0,0,0,0,0,0,0,0,73,route_based,0,0
S5_false_ped_and_burst,intersection_bursty_ped,adaptive_only,12,300.0,2.823,7,3.6,42.0,1.9,49.0,18,18.0,1,0.056,0,0,23.0,17.0,0,0,0,0,0,0,0,0,69,route_based,0,0
S5_false_ped_and_burst,intersection_bursty_ped,adaptive_only,13,300.0,3.513,9,4.9,53.0,1.8,55.0,19,19.0,2,0.105,0,0,30.0,16.0,0,0,0,0,0,0,0,0,62,route_based,0,0
S5_false_ped_and_burst,intersection_bursty_ped,adaptive_only,14,300.0,2.91,8,3.7,47.0,1.8,72.0,18,18.0,1,0.056,0,0,24.0,16.0,0,2,0,0,0,0,0,0,74,route_based,0,0
S5_false_ped_and_burst,intersection_bursty_ped,adaptive_only,15,300.0,3.067,9,4.0,45.0,2.6,51.0,19,19.0,1,0.053,0,0,25.0,23.0,0,0,0,0,0,0,0,0,60,route_based,0,0
S5_false_ped_and_burst,intersection_bursty_ped,adaptive_only,16,300.0,3.703,11,5.3,52.0,1.7,81.0,19,19.0,2,0.105,0,0,31.0,14.0,0,1,0,0,0,0,0,0,68,route_based,0,0
S5_false_ped_and_burst,intersection_bursty_ped,adaptive_only,17,300.0,2.743,7,3.5,44.0,2.0,71.0,18,18.0,1,0.056,0,0,23.0,17.0,0,1,0,0,0,0,0,0,63,route_based,0,0
S5_false_ped_and_burst,intersection_bursty_ped,adaptive_only,18,300.0,3.48,8,5.1,53.0,1.4,50.0,19,19.0,1,0.053,0,0,30.0,13.0,0,0,0,0,0,0,0,0,66,route_based,0,0
S5_false_ped_and_burst,intersection_bursty_ped,adaptive_only,19,300.0,3.12,7,4.3,52.0,1.6,60.0,19,19.0,1,0.053,0,0,27.0,15.0,0,0,0,0,0,0,0,0,71,route_based,0,0
S5_false_ped_and_burst,intersection_bursty_ped,adaptive_shield,0,300.0,3.2,9,4.6,58.0,2.3,51.0,18,18.0,1,0.056,0,3,28.0,20.0,0,0,3,1,16,1,0,0,60,route_based,0,0
S5_false_ped_and_burst,intersection_bursty_ped,adaptive_shield,1,300.0,3.723,10,5.7,66.0,1.7,57.0,18,18.0,1,0.056,0,3,33.0,15.0,0,0,3,1,15,2,0,0,70,route_based,0,0
S5_false_ped_and_burst,intersection_bursty_ped,adaptive_shield,2,300.0,3.363,9,4.9,59.0,1.6,71.0,18,18.0,1,0.056,0,5,31.0,14.0,0,1,5,0,15,2,0,0,66,route_based,0,0
S5_false_ped_and_burst,intersection_bursty_ped,adaptive_shield,3,300.0,3.34,9,5.0,55.0,1.9,55.0,18,18.0,0,0.0,0,3,29.0,17.0,0,0,3,1,17,0,0,0,64,route_based,0,0
S5_false_ped_and_burst,intersection_bursty_ped,adaptive_shield,4,300.0,3.037,7,4.1,51.0,2.8,66.0,18,18.0,1,0.056,0,4,26.0,22.0,0,1,4,1,16,0,0,0,67,route_based,0,0
S5_false_ped_and_burst,intersection_bursty_ped,adaptive_shield,5,300.0,2.947,9,3.7,51.0,2.1,63.0,18,18.0,3,0.167,0,3,26.0,19.0,0,1,3,1,17,0,0,0,65,route_based,0,0
S5_false_ped_and_burst,intersection_bursty_ped,adaptive_shield,6,300.0,3.43,10,4.8,59.0,1.9,69.0,18,18.0,1,0.056,0,3,31.0,16.0,0,1,3,1,14,2,0,0,72,route_based,0,0
S5_false_ped_and_burst,intersection_bursty_ped,adaptive_shield,7,300.0,3.367,9,5.1,54.0,2.8,95.0,18,18.0,0,0.0,0,4,30.0,22.0,0,3,4,1,13,3,0,0,73,route_based,0,0
S5_false_ped_and_burst,intersection_bursty_ped,adaptive_shield,8,300.0,3.237,10,4.5,57.0,1.9,65.0,18,18.0,0,0.0,0,8,29.0,17.0,0,2,8,0,15,1,0,0,68,route_based,0,0
S5_false_ped_and_burst,intersection_bursty_ped,adaptive_shield,9,300.0,3.02,7,4.0,49.0,2.3,52.0,18,18.0,2,0.111,0,4,25.0,19.0,0,0,4,1,16,0,0,0,65,route_based,0,0
S5_false_ped_and_burst,intersection_bursty_ped,adaptive_shield,10,300.0,3.427,9,4.9,59.0,2.0,65.0,18,18.0,1,0.056,0,3,30.0,18.0,0,2,3,1,15,1,0,0,70,route_based,0,0
S5_false_ped_and_burst,intersection_bursty_ped,adaptive_shield,11,300.0,3.383,9,4.8,59.0,2.5,86.0,18,18.0,2,0.111,0,6,29.0,21.0,0,1,6,1,16,0,0,0,73,route_based,0,0
S5_false_ped_and_burst,intersection_bursty_ped,adaptive_shield,12,300.0,3.067,8,4.0,47.0,3.0,80.0,18,18.0,1,0.056,0,5,26.0,23.0,0,1,5,1,15,1,0,0,69,route_based,0,0
S5_false_ped_and_burst,intersection_bursty_ped,adaptive_shield,13,300.0,3.337,9,5.1,59.0,2.4,77.0,18,18.0,1,0.056,0,4,31.0,21.0,0,2,4,1,12,4,0,0,62,route_based,0,0
S5_false_ped_and_burst,intersection_bursty_ped,adaptive_shield,14,300.0,3.453,10,5.0,60.0,2.1,60.0,18,18.0,1,0.056,0,6,31.0,19.0,0,0,6,1,14,1,0,0,74,route_based,0,0
S5_false_ped_and_burst,intersection_bursty_ped,adaptive_shield,15,300.0,3.403,10,4.9,59.0,2.2,59.0,18,18.0,1,0.056,0,4,31.0,19.0,0,0,4,1,15,1,0,0,60,route_based,0,0
S5_false_ped_and_burst,intersection_bursty_ped,adaptive_shield,16,300.0,3.65,9,5.3,59.0,1.8,68.0,18,18.0,1,0.056,0,3,33.0,16.0,0,1,3,1,14,2,0,0,68,route_based,0,0
S5_false_ped_and_burst,intersection_bursty_ped,adaptive_shield,17,300.0,3.62,10,5.5,61.0,1.6,63.0,18,18.0,1,0.056,0,2,33.0,14.0,0,2,2,1,17,0,0,0,63,route_based,0,0
S5_false_ped_and_burst,intersection_bursty_ped,adaptive_shield,18,300.0,3.377,9,4.6,59.0,2.4,66.0,18,18.0,0,0.0,0,4,27.0,21.0,0,2,4,0,16,0,0,0,66,route_based,0,0
S5_false_ped_and_burst,intersection_bursty_ped,adaptive_shield,19,300.0,3.18,9,4.6,61.0,2.8,81.0,18,18.0,1,0.056,0,3,28.0,23.0,0,1,3,1,17,0,0,0,71,route_based,0,0
S6_detector_failure,intersection_balanced,fixed_time,0,300.0,4.573,13,7.9,70.0,6.3,85.0,11,11.0,2,0.182,0,0,44.0,45.0,0,4,0,0,0,0,0,0,0,0,482,stuck_off
S6_detector_failure,intersection_balanced,fixed_time,1,300.0,4.543,12,8.0,69.0,6.3,83.0,11,11.0,2,0.182,0,0,43.0,45.0,0,3,0,0,0,0,0,0,0,0,482,stuck_off
S6_detector_failure,intersection_balanced,fixed_time,2,300.0,4.263,12,7.5,64.0,6.1,82.0,11,11.0,2,0.182,0,0,42.0,44.0,0,3,0,0,0,0,0,0,0,0,482,stuck_off
S6_detector_failure,intersection_balanced,fixed_time,3,300.0,4.147,12,7.1,67.0,6.4,82.0,11,11.0,2,0.182,0,0,41.0,46.0,0,5,0,0,0,0,0,0,0,0,482,stuck_off
S6_detector_failure,intersection_balanced,fixed_time,4,300.0,4.137,12,7.4,70.0,6.3,81.0,11,11.0,2,0.182,0,0,41.0,45.0,0,4,0,0,0,0,0,0,0,0,482,stuck_off
S6_detector_failure,intersection_balanced,fixed_time,5,300.0,4.34,12,7.6,70.0,6.2,86.0,11,11.0,2,0.182,0,0,42.0,45.0,0,4,0,0,0,0,0,0,0,0,482,stuck_off
S6_detector_failure,intersection_balanced,fixed_time,6,300.0,4.34,12,7.6,67.0,6.4,80.0,11,11.0,2,0.182,0,0,43.0,45.0,0,5,0,0,0,0,0,0,0,0,482,stuck_off
S6_detector_failure,intersection_balanced,fixed_time,7,300.0,4.083,11,7.1,63.0,6.4,82.0,11,11.0,2,0.182,0,0,40.0,45.0,0,4,0,0,0,0,0,0,0,0,482,stuck_off
S6_detector_failure,intersection_balanced,fixed_time,8,300.0,4.357,12,7.6,68.0,5.9,83.0,11,11.0,2,0.182,0,0,42.0,43.0,0,3,0,0,0,0,0,0,0,0,482,stuck_off
S6_detector_failure,intersection_balanced,fixed_time,9,300.0,4.37,12,7.6,70.0,6.2,82.0,11,11.0,2,0.182,0,0,42.0,45.0,0,3,0,0,0,0,0,0,0,0,482,stuck_off
S6_detector_failure,intersection_balanced,fixed_time,10,300.0,4.81,13,8.5,68.0,6.6,83.0,11,11.0,2,0.182,0,0,45.0,46.0,0,5,0,0,0,0,0,0,0,0,482,stuck_off
S6_detector_failure,intersection_balanced,fixed_time,11,300.0,4.337,12,7.8,68.0,6.3,82.0,11,11.0,2,0.182,0,0,42.0,45.0,0,4,0,0,0,0,0,0,0,0,482,stuck_off
S6_detector_failure,intersection_balanced,fixed_time,12,300.0,4.337,12,7.8,67.0,6.2,83.0,11,11.0,2,0.182,0,0,42.0,45.0,0,4,0,0,0,0,0,0,0,0,482,stuck_off
S6_detector_failure,intersection_balanced,fixed_time,13,300.0,4.06,12,7.0,65.0,6.3,85.0,11,11.0,2,0.182,0,0,40.0,45.0,0,4,0,0,0,0,0,0,0,0,482,stuck_off
S6_detector_failure,intersection_balanced,fixed_time,14,300.0,4.34,12,7.6,69.0,6.5,81.0,11,11.0,2,0.182,0,0,42.0,45.0,0,3,0,0,0,0,0,0,0,0,482,stuck_off
S6_detector_failure,intersection_balanced,fixed_time,15,300.0,4.37,12,7.7,68.0,5.9,79.0,11,11.0,2,0.182,0,0,43.0,44.0,0,4,0,0,0,0,0,0,0,0,482,stuck_off
S6_detector_failure,intersection_balanced,fixed_time,16,300.0,3.877,11,6.8,62.0,6.4,85.0,11,11.0,2,0.182,0,0,39.0,46.0,0,4,0,0,0,0,0,0,0,0,482,stuck_off
S6_detector_failure,intersection_balanced,fixed_time,17,300.0,4.35,12,7.7,70.0,6.3,83.0,11,11.0,2,0.182,0,0,43.0,45.0,0,4,0,0,0,0,0,0,0,0,482,stuck_off
S6_detector_failure,intersection_balanced,fixed_time,18,300.0,4.27,12,7.4,69.0,6.4,84.0,11,11.0,2,0.182,0,0,41.0,45.0,0,4,0,0,0,0,0,0,0,0,482,stuck_off
S6_detector_failure,intersection_balanced,fixed_time,19,300.0,4.107,11,7.0,67.0,6.6,83.0,11,11.0,2,0.182,0,0,41.0,45.0,0,4,0,0,0,0,0,0,0,0,482,stuck_off
S6_detector_failure,intersection_balanced,actuated,0,300.0,3.007,8,3.9,41.0,2.1,46.0,19,19.0,5,0.263,0,0,24.0,18.0,0,0,0,0,0,0,0,0,0,0,498,stuck_off
S6_detector_failure,intersection_balanced,actuated,1,300.0,3.003,8,3.9,42.0,2.4,50.0,19,19.0,4,0.211,0,0,24.0,20.0,0,0,0,0,0,0,0,0,0,0,498,stuck_off
S6_detector_failure,intersection_balanced,actuated,2,300.0,3.04,8,4.0,42.0,2.3,52.0,19,19.0,5,0.263,0,0,25.0,20.0,0,0,0,0,0,0,0,0,0,0,498,stuck_off
S6_detector_failure,intersection_balanced,actuated,3,300.0,3.037,8,4.0,40.0,2.0,43.0,19,19.0,5,0.263,0,0,25.0,17.0,0,0,0,0,0,0,0,0,0,0,498,stuck_off
S6_detector_failure,intersection_balanced,actuated,4,300.0,3.023,8,4.0,41.0,2.1,46.0,19,19.0,5,0.263,0,0,25.0,18.0,0,0,0,0,0,0,0,0,0,0,498,stuck_off
S6_detector_failure,intersection_balanced,actuated,5,300.0,3.207,9,4.2,42.0,2.0,44.0,19,19.0,4,0.211,0,0,26.0,17.0,0,0,0,0,0,0,0,0,0,0,498,stuck_off
S6_detector_failure,intersection_balanced,actuated,6,300.0,3.197,9,4.3,44.0,2.1,46.0,19,19.0,4,0.211,0,0,26.0,18.0,0,0,0,0,0,0,0,0,0,0,498,stuck_off
S6_detector_failure,intersection_balanced,actuated,7,300.0,3.003,8,3.9,43.0,2.4,51.0,19,19.0,4,0.211,0,0,25.0,21.0,0,0,0,0,0,0,0,0,0,0,498,stuck_off
S6_detector_failure,intersection_balanced,actuated,8,300.0,3.093,8,4.1,41.0,2.4,50.0,19,19.0,4,0.211,0,0,25.0,20.0,0,0,0,0,0,0,0,0,0,0,498,stuck_off
S6_detector_failure,intersection_balanced,actuated,9,300.0,3.057,8,4.1,41.0,2.4,51.0,19,19.0,4,0.211,0,0,25.0,21.0,0,0,0,0,0,0,0,0,0,0,498,stuck_off
S6_detector_failure,intersection_balanced,actuated,10,300.0,3.037,8,4.0,42.0,2.1,43.0,19,19.0,4,0.211,0,0,25.0,18.0,0,0,0,0,0,0,0,0,0,0,498,stuck_off
S6_detector_failure,intersection_balanced,actuated,11,300.0,3.247,9,4.3,44.0,2.2,45.0,19,19.0,4,0.211,0,0,26.0,19.0,0,0,0,0,0,0,0,0,0,0,498,stuck_off
S6_detector_failure,intersection_balanced,actuated,12,300.0,3.087,8,4.0,41.0,2.1,46.0,19,19.0,4,0.211,0,0,25.0,18.0,0,0,0,0,0,0,0,0,0,0,498,stuck_off
S6_detector_failure,intersection_balanced,actuated,13,300.0,3.34,9,4.4,43.0,2.1,45.0,19,19.0,4,0.211,0,0,27.0,19.0,0,0,0,0,0,0,0,0,0,0,498,stuck_off
S6_detector_failure,intersection_balanced,actuated,14,300.0,3.06,8,4.1,42.0,2.1,44.0,19,19.0,4,0.211,0,0,25.0,18.0,0,0,0,0,0,0,0,0,0,0,498,stuck_off
S6_detector_failure,intersection_balanced,actuated,15,300.0,3.233,9,4.3,45.0,1.9,45.0,19,19.0,5,0.263,0,0,26.0,17.0,0,0,0,0,0,0,0,0,0,0,498,stuck_off
S6_detector_failure,intersection_balanced,actuated,16,300.0,3.03,8,4.0,41.0,2.1,43.0,19,19.0,4,0.211,0,0,25.0,18.0,0,0,0,0,0,0,0,0,0,0,498,stuck_off
S6_detector_failure,intersection_balanced,actuated,17,300.0,3.237,9,4.3,44.0,2.1,47.0,19,19.0,4,0.211,0,0,26.0,19.0,0,0,0,0,0,0,0,0,0,0,498,stuck_off
S6_detector_failure,intersection_balanced,actuated,18,300.0,2.963,8,3.8,41.0,2.1,45.0,19,19.0,4,0.211,0,0,24.0,18.0,0,0,0,0,0,0,0,0,0,0,498,stuck_off
S6_detector_failure,intersection_balanced,actuated,19,300.0,3.18,9,4.2,42.0,2.3,50.0,19,19.0,4,0.211,0,0,26.0,21.0,0,0,0,0,0,0,0,0,0,0,498,stuck_off
S6_detector_failure,intersection_balanced,adaptive_only,0,300.0,5.157,15,10.6,131.0,3.5,59.0,19,19.0,3,0.158,0,0,76.0,24.0,5,0,0,0,0,0,0,0,0,0,496,stuck_off
S6_detector_failure,intersection_balanced,adaptive_only,1,300.0,4.163,13,8.3,117.0,4.5,66.0,18,18.0,3,0.167,0,0,66.0,32.0,3,2,0,0,0,0,0,0,0,0,498,stuck_off
S6_detector_failure,intersection_balanced,adaptive_only,2,300.0,4.117,13,8.2,119.0,4.0,64.0,18,18.0,4,0.222,0,0,65.0,30.0,3,1,0,0,0,0,0,0,0,0,498,stuck_off
S6_detector_failure,intersection_balanced,adaptive_only,3,300.0,4.26,13,8.5,118.0,3.9,62.0,18,18.0,4,0.222,0,0,65.0,28.0,3,1,0,0,0,0,0,0,0,0,498,stuck_off
S6_detector_failure,intersection_balanced,adaptive_only,4,300.0,4.27,13,8.5,117.0,3.7,65.0,18,18.0,5,0.278,0,0,65.0,28.0,3,1,0,0,0,0,0,0,0,0,498,stuck_off
S6_detector_failure,intersection_balanced,adaptive_only,5,300.0,4.16,13,8.3,116.0,4.4,60.0,18,18.0,4,0.222,0,0,65.0,32.0,3,0,0,0,0,0,0,0,0,0,498,stuck_off
S6_detector_failure,intersection_balanced,adaptive_only,6,300.0,4.24,13,8.5,118.0,3.3,56.0,19,19.0,4,0.211,0,0,66.0,22.0,3,0,0,0,0,0,0,0,0,0,498,stuck_off
S6_detector_failure,intersection_balanced,adaptive_only,7,300.0,4.117,13,8.1,114.0,4.3,65.0,18,18.0,5,0.278,0,0,64.0,33.0,3,2,0,0,0,0,0,0,0,0,498,stuck_off
S6_detector_failure,intersection_balanced,adaptive_only,8,300.0,4.08,13,8.3,118.0,4.1,63.0,18,18.0,4,0.222,0,0,65.0,31.0,3,1,0,0,0,0,0,0,0,0,498,stuck_off
S6_detector_failure,intersection_balanced,adaptive_only,9,300.0,4.18,13,8.4,117.0,4.4,64.0,18,18.0,4,0.222,0,0,66.0,32.0,3,2,0,0,0,0,0,0,0,0,498,stuck_off
S6_detector_failure,intersection_balanced,adaptive_only,10,300.0,4.12,13,8.2,117.0,4.3,64.0,18,18.0,5,0.278,0,0,65.0,33.0,3,1,0,0,0,0,0,0,0,0,498,stuck_off
S6_detector_failure,intersection_balanced,adaptive_only,11,300.0,4.597,14,9.2,119.0,3.1,55.0,19,19.0,4,0.211,0,0,65.0,21.0,3,0,0,0,0,0,0,0,0,0,498,stuck_off
S6_detector_failure,intersection_balanced,adaptive_only,12,300.0,4.12,13,8.2,117.0,4.4,65.0,18,18.0,4,0.222,0,0,64.0,32.0,3,1,0,0,0,0,0,0,0,0,498,stuck_off
S6_detector_failure,intersection_balanced,adaptive_only,13,300.0,4.317,13,8.6,115.0,3.1,53.0,19,19.0,4,0.211,0,0,64.0,21.0,3,0,0,0,0,0,0,0,0,0,498,stuck_off
S6_detector_failure,intersection_balanced,adaptive_only,14,300.0,4.287,13,8.5,118.0,4.0,63.0,18,18.0,4,0.222,0,0,65.0,29.0,3,1,0,0,0,0,0,0,0,0,498,stuck_off
S6_detector_failure,intersection_balanced,adaptive_only,15,300.0,4.19,14,8.5,117.0,4.3,64.0,18,18.0,4,0.222,0,0,66.0,32.0,3,2,0,0,0,0,0,0,0,0,498,stuck_off
S6_detector_failure,intersection_balanced,adaptive_only,16,300.0,4.3,13,8.6,119.0,4.0,63.0,18,18.0,4,0.222,0,0,66.0,29.0,3,1,0,0,0,0,0,0,0,0,498,stuck_off
S6_detector_failure,intersection_balanced,adaptive_only,17,300.0,4.183,13,8.5,118.0,4.5,65.0,18,18.0,4,0.222,0,0,66.0,33.0,3,2,0,0,0,0,0,0,0,0,498,stuck_off
S6_detector_failure,intersection_balanced,adaptive_only,18,300.0,4.253,13,8.3,116.0,4.5,64.0,18,18.0,4,0.222,0,0,64.0,33.0,3,2,0,0,0,0,0,0,0,0,498,stuck_off
S6_detector_failure,intersection_balanced,adaptive_only,19,300.0,4.23,13,8.4,118.0,4.6,66.0,18,18.0,4,0.222,0,0,65.0,33.0,3,3,0,0,0,0,0,0,0,0,498,stuck_off
S6_detector_failure,intersection_balanced,adaptive_shield,0,300.0,3.983,13,6.9,100.0,3.8,61.0,18,18.0,2,0.111,0,1,49.0,29.0,2,1,1,0,16,1,0,0,0,0,498,stuck_off
S6_detector_failure,intersection_balanced,adaptive_shield,1,300.0,3.283,11,5.2,83.0,3.4,54.0,18,18.0,2,0.111,0,1,38.0,26.0,0,0,1,0,16,1,0,0,0,0,498,stuck_off
S6_detector_failure,intersection_balanced,adaptive_shield,2,300.0,3.36,11,5.4,86.0,3.5,59.0,18,18.0,2,0.111,0,1,38.0,27.0,0,0,1,0,16,1,0,0,0,0,498,stuck_off
S6_detector_failure,intersection_balanced,adaptive_shield,3,300.0,5.573,18,12.9,144.0,4.3,68.0,18,18.0,1,0.056,0,1,90.0,29.0,7,1,1,1,15,2,0,0,0,0,498,stuck_off
S6_detector_failure,intersection_balanced,adaptive_shield,4,300.0,4.077,14,7.7,107.0,3.9,66.0,18,18.0,2,0.111,0,2,60.0,27.0,2,1,2,0,17,0,0,0,0,0,498,stuck_off
S6_detector_failure,intersection_balanced,adaptive_shield,5,300.0,5.703,18,12.9,144.0,3.7,69.0,18,18.0,1,0.056,0,1,89.0,27.0,7,1,1,0,16,1,0,0,0,0,498,stuck_off
S6_detector_failure,intersection_balanced,adaptive_shield,6,300.0,4.4,14,8.5,114.0,3.1,61.0,18,18.0,3,0.167,0,2,62.0,24.0,3,1,2,0,17,0,0,0,0,0,500,stuck_off
S6_detector_failure,intersection_balanced,adaptive_shield,7,300.0,5.577,18,12.5,142.0,3.9,65.0,18,18.0,1,0.056,0,1,89.0,28.0,7,1,1,0,15,2,0,0,0,0,498,stuck_off
S6_detector_failure,intersection_balanced,adaptive_shield,8,300.0,3.85,12,7.2,106.0,3.9,63.0,17,17.0,2,0.118,0,6,56.0,30.0,2,1,6,0,16,0,0,0,0,0,508,stuck_off
S6_detector_failure,intersection_balanced,adaptive_shield,9,300.0,5.53,18,13.0,143.0,3.6,64.0,18,18.0,1,0.056,0,1,90.0,27.0,7,1,1,1,15,2,0,0,0,0,498,stuck_off
S6_detector_failure,intersection_balanced,adaptive_shield,10,300.0,5.3,17,10.9,130.0,3.4,51.0,18,18.0,2,0.111,0,1,78.0,23.0,5,0,1,0,17,0,0,0,0,0,498,stuck_off
S6_detector_failure,intersection_balanced,adaptive_shield,11,300.0,4.723,15,10.5,130.0,3.7,59.0,18,18.0,2,0.111,0,1,78.0,29.0,5,0,1,0,16,1,0,0,0,0,498,stuck_off
S6_detector_failure,intersection_balanced,adaptive_shield,12,300.0,5.517,18,13.0,144.0,3.7,69.0,18,18.0,1,0.056,0,1,90.0,28.0,7,1,1,0,15,2,0,0,0,0,498,stuck_off
S6_detector_failure,intersection_balanced,adaptive_shield,13,300.0,3.693,12,7.1,101.0,3.3,56.0,17,17.0,2,0.118,0,6,54.0,26.0,2,0,6,0,16,0,0,0,0,0,508,stuck_off
S6_detector_failure,intersection_balanced,adaptive_shield,14,300.0,3.493,12,5.7,88.0,4.4,69.0,18,18.0,2,0.111,0,2,43.0,29.0,0,2,2,0,17,0,0,0,0,0,498,stuck_off
S6_detector_failure,intersection_balanced,adaptive_shield,15,300.0,5.517,18,12.9,142.0,3.8,68.0,18,18.0,1,0.056,0,1,89.0,28.0,7,1,1,0,15,2,0,0,0,0,498,stuck_off
S6_detector_failure,intersection_balanced,adaptive_shield,16,300.0,5.52,18,13.0,142.0,4.1,68.0,18,18.0,1,0.056,0,1,89.0,29.0,7,1,1,0,15,2,0,0,0,0,498,stuck_off
S6_detector_failure,intersection_balanced,adaptive_shield,17,300.0,3.823,12,7.5,104.0,3.6,60.0,17,17.0,2,0.118,0,6,57.0,28.0,2,0,6,0,15,0,0,0,0,0,508,stuck_off
S6_detector_failure,intersection_balanced,adaptive_shield,18,300.0,3.823,12,6.9,99.0,3.4,60.0,18,18.0,2,0.111,0,1,50.0,27.0,1,0,1,0,16,1,0,0,0,0,498,stuck_off
S6_detector_failure,intersection_balanced,adaptive_shield,19,300.0,4.04,13,7.6,105.0,2.7,50.0,18,18.0,2,0.111,0,2,60.0,22.0,2,0,2,0,17,0,0,0,0,0,498,stuck_off
S7_combined_stress,intersection_combined_stress,fixed_time,0,300.0,10.19,24,9.7,67.0,6.3,85.0,11,11.0,1,0.091,0,0,47.0,45.0,0,4,0,0,0,0,3059,5,60,0,0,0
S7_combined_stress,intersection_combined_stress,fixed_time,1,300.0,10.51,25,10.0,68.0,6.3,83.0,11,11.0,1,0.091,0,0,47.0,45.0,0,3,0,0,0,0,3059,5,70,0,0,0
S7_combined_stress,intersection_combined_stress,fixed_time,2,300.0,9.717,24,9.3,68.0,6.1,82.0,11,11.0,1,0.091,0,0,45.0,44.0,0,3,0,0,0,0,3058,5,66,0,0,0
S7_combined_stress,intersection_combined_stress,fixed_time,3,300.0,9.9,24,9.4,69.0,6.4,82.0,11,11.0,1,0.091,0,0,46.0,46.0,0,5,0,0,0,0,3062,5,64,0,0,0
S7_combined_stress,intersection_combined_stress,fixed_time,4,300.0,9.457,23,9.0,68.0,6.3,81.0,11,11.0,1,0.091,0,0,45.0,45.0,0,4,0,0,0,0,3059,5,67,0,0,0
S7_combined_stress,intersection_combined_stress,fixed_time,5,300.0,9.687,24,9.2,69.0,6.2,86.0,11,11.0,1,0.091,0,0,45.0,45.0,0,4,0,0,0,0,3061,5,65,0,0,0
S7_combined_stress,intersection_combined_stress,fixed_time,6,300.0,9.627,24,9.1,68.0,6.4,80.0,11,11.0,1,0.091,0,0,45.0,45.0,0,5,0,0,0,0,3059,5,72,0,0,0
S7_combined_stress,intersection_combined_stress,fixed_time,7,300.0,9.917,24,9.3,68.0,6.4,82.0,11,11.0,1,0.091,0,0,45.0,45.0,0,4,0,0,0,0,3060,5,73,0,0,0
S7_combined_stress,intersection_combined_stress,fixed_time,8,300.0,11.027,26,10.4,71.0,5.9,83.0,11,11.0,1,0.091,0,0,48.0,43.0,0,3,0,0,0,0,3060,5,68,0,0,0
S7_combined_stress,intersection_combined_stress,fixed_time,9,300.0,10.01,24,9.6,68.0,6.2,82.0,11,11.0,1,0.091,0,0,47.0,45.0,0,3,0,0,0,0,3061,5,65,0,0,0
S7_combined_stress,intersection_combined_stress,fixed_time,10,300.0,10.487,25,9.9,70.0,6.6,83.0,11,11.0,1,0.091,0,0,47.0,46.0,0,5,0,0,0,0,3060,5,70,0,0,0
S7_combined_stress,intersection_combined_stress,fixed_time,11,300.0,9.647,24,9.1,68.0,6.3,82.0,11,11.0,1,0.091,0,0,46.0,45.0,0,4,0,0,0,0,3060,5,73,0,0,0
S7_combined_stress,intersection_combined_stress,fixed_time,12,300.0,9.977,24,9.5,70.0,6.2,83.0,11,11.0,1,0.091,0,0,46.0,45.0,0,4,0,0,0,0,3058,5,69,0,0,0
S7_combined_stress,intersection_combined_stress,fixed_time,13,300.0,11.367,26,10.6,70.0,6.3,85.0,11,11.0,1,0.091,0,0,49.0,45.0,0,4,0,0,0,0,3061,5,62,0,0,0
S7_combined_stress,intersection_combined_stress,fixed_time,14,300.0,10.233,25,9.6,68.0,6.5,81.0,11,11.0,1,0.091,0,0,46.0,45.0,0,3,0,0,0,0,3056,5,74,0,0,0
S7_combined_stress,intersection_combined_stress,fixed_time,15,300.0,9.207,23,8.8,67.0,5.9,79.0,11,11.0,1,0.091,0,0,44.0,44.0,0,4,0,0,0,0,3059,5,60,0,0,0
S7_combined_stress,intersection_combined_stress,fixed_time,16,300.0,9.76,24,9.3,70.0,6.4,85.0,11,11.0,1,0.091,0,0,46.0,46.0,0,4,0,0,0,0,3061,5,68,0,0,0
S7_combined_stress,intersection_combined_stress,fixed_time,17,300.0,9.587,23,9.3,70.0,6.3,83.0,11,11.0,1,0.091,0,0,45.0,45.0,0,4,0,0,0,0,3060,5,63,0,0,0
S7_combined_stress,intersection_combined_stress,fixed_time,18,300.0,10.003,24,9.5,69.0,6.4,84.0,11,11.0,1,0.091,0,0,46.0,45.0,0,4,0,0,0,0,3059,5,66,0,0,0
S7_combined_stress,intersection_combined_stress,fixed_time,19,300.0,10.347,26,9.9,69.0,6.6,83.0,11,11.0,1,0.091,0,0,47.0,45.0,0,4,0,0,0,0,3062,5,71,0,0,0
S7_combined_stress,intersection_combined_stress,actuated,0,300.0,10.61,27,6.8,45.0,2.1,46.0,19,19.0,2,0.105,0,0,32.0,18.0,0,0,0,0,0,0,3166,5,60,0,0,0
S7_combined_stress,intersection_combined_stress,actuated,1,300.0,10.293,26,6.6,45.0,2.4,50.0,19,19.0,2,0.105,0,0,32.0,20.0,0,0,0,0,0,0,3164,5,70,0,0,0
S7_combined_stress,intersection_combined_stress,actuated,2,300.0,10.753,27,6.9,45.0,2.3,52.0,19,19.0,3,0.158,0,0,32.0,20.0,0,0,0,0,0,0,3164,5,66,0,0,0
S7_combined_stress,intersection_combined_stress,actuated,3,300.0,10.09,25,6.6,44.0,2.0,43.0,19,19.0,2,0.105,0,0,31.0,17.0,0,0,0,0,0,0,3163,5,64,0,0,0
S7_combined_stress,intersection_combined_stress,actuated,4,300.0,10.693,28,6.9,45.0,2.1,46.0,19,19.0,2,0.105,0,0,32.0,18.0,0,0,0,0,0,0,3165,5,67,0,0,0
S7_combined_stress,intersection_combined_stress,actuated,5,300.0,10.217,27,6.6,43.0,2.0,44.0,19,19.0,2,0.105,0,0,32.0,17.0,0,0,0,0,0,0,3165,5,65,0,0,0
S7_combined_stress,intersection_combined_stress,actuated,6,300.0,10.067,25,6.5,43.0,2.3,48.0,19,19.0,2,0.105,0,0,31.0,20.0,0,0,0,0,0,0,3165,5,72,0,0,0
S7_combined_stress,intersection_combined_stress,actuated,7,300.0,10.157,26,6.5,44.0,2.4,51.0,19,19.0,2,0.105,0,0,31.0,21.0,0,0,0,0,0,0,3164,5,73,0,0,0
S7_combined_stress,intersection_combined_stress,actuated,8,300.0,10.393,27,6.8,44.0,2.4,50.0,19,19.0,3,0.158,0,0,32.0,20.0,0,0,0,0,0,0,3164,5,68,0,0,0
S7_combined_stress,intersection_combined_stress,actuated,9,300.0,9.69,26,6.5,44.0,2.4,51.0,19,19.0,2,0.105,0,0,31.0,21.0,0,0,0,0,0,0,3164,5,65,0,0,0
S7_combined_stress,intersection_combined_stress,actuated,10,300.0,10.42,26,6.8,45.0,2.1,43.0,19,19.0,2,0.105,0,0,32.0,18.0,0,0,0,0,0,0,3166,5,70,0,0,0
S7_combined_stress,intersection_combined_stress,actuated,11,300.0,9.82,26,6.4,43.0,2.2,45.0,19,19.0,3,0.158,0,0,31.0,19.0,0,0,0,0,0,0,3164,5,73,0,0,0
S7_combined_stress,intersection_combined_stress,actuated,12,300.0,10.16,26,6.6,45.0,2.2,45.0,19,19.0,3,0.158,0,0,31.0,19.0,0,0,0,0,0,0,3168,5,69,0,0,0
S7_combined_stress,intersection_combined_stress,actuated,13,300.0,9.963,25,6.5,45.0,2.1,45.0,19,19.0,3,0.158,0,0,31.0,19.0,0,0,0,0,0,0,3166,5,62,0,0,0
S7_combined_stress,intersection_combined_stress,actuated,14,300.0,10.463,26,6.7,45.0,2.2,45.0,19,19.0,3,0.158,0,0,32.0,19.0,0,0,0,0,0,0,3164,5,74,0,0,0
S7_combined_stress,intersection_combined_stress,actuated,15,300.0,10.5,27,6.9,45.0,2.0,46.0,19,19.0,2,0.105,0,0,32.0,18.0,0,0,0,0,0,0,3169,5,60,0,0,0
S7_combined_stress,intersection_combined_stress,actuated,16,300.0,9.587,25,6.4,43.0,2.1,43.0,19,19.0,2,0.105,0,0,31.0,18.0,0,0,0,0,0,0,3165,5,68,0,0,0
S7_combined_stress,intersection_combined_stress,actuated,17,300.0,9.89,26,6.6,47.0,2.2,48.0,19,19.0,2,0.105,0,0,32.0,20.0,0,0,0,0,0,0,3168,5,63,0,0,0
S7_combined_stress,intersection_combined_stress,actuated,18,300.0,10.267,26,6.6,43.0,2.1,45.0,19,19.0,2,0.105,0,0,32.0,18.0,0,0,0,0,0,0,3165,5,66,0,0,0
S7_combined_stress,intersection_combined_stress,actuated,19,300.0,10.417,26,6.8,45.0,2.3,50.0,19,19.0,2,0.105,0,0,32.0,21.0,0,0,0,0,0,0,3161,5,71,0,0,0
S7_combined_stress,intersection_combined_stress,adaptive_only,0,300.0,4.03,11,3.1,60.0,5.6,78.0,18,18.0,1,0.056,0,0,20.0,40.0,0,3,0,0,0,0,3185,5,60,0,0,0
S7_combined_stress,intersection_combined_stress,adaptive_only,1,300.0,4.393,13,3.3,55.0,5.4,82.0,19,19.0,1,0.053,0,0,20.0,40.0,0,4,0,0,0,0,3199,5,70,0,0,0
S7_combined_stress,intersection_combined_stress,adaptive_only,2,300.0,4.083,12,2.8,50.0,5.0,67.0,18,18.0,2,0.111,0,0,19.0,37.0,0,2,0,0,0,0,3198,5,66,0,0,0
S7_combined_stress,intersection_combined_stress,adaptive_only,3,300.0,4.37,11,3.0,59.0,5.2,69.0,18,18.0,1,0.056,0,0,20.0,36.0,0,3,0,0,0,0,3191,5,64,0,0,0
S7_combined_stress,intersection_combined_stress,adaptive_only,4,300.0,4.24,12,2.9,58.0,5.1,69.0,18,18.0,1,0.056,0,0,19.0,37.0,0,3,0,0,0,0,3213,5,67,0,0,0
S7_combined_stress,intersection_combined_stress,adaptive_only,5,300.0,3.827,11,2.7,55.0,5.0,67.0,18,18.0,1,0.056,0,0,19.0,34.0,0,2,0,0,0,0,3186,5,65,0,0,0
S7_combined_stress,intersection_combined_stress,adaptive_only,6,300.0,4.117,13,2.6,57.0,4.5,63.0,18,18.0,1,0.056,0,0,18.0,32.0,0,1,0,0,0,0,3211,5,72,0,0,0
S7_combined_stress,intersection_combined_stress,adaptive_only,7,300.0,4.4,14,2.8,58.0,5.4,70.0,18,18.0,1,0.056,0,0,18.0,38.0,0,2,0,0,0,0,3213,5,73,0,0,0
S7_combined_stress,intersection_combined_stress,adaptive_only,8,300.0,4.26,12,3.1,63.0,4.9,68.0,18,18.0,0,0.0,0,0,20.0,36.0,0,3,0,0,0,0,3192,5,68,0,0,0
S7_combined_stress,intersection_combined_stress,adaptive_only,9,300.0,3.52,11,2.6,58.0,4.3,61.0,18,18.0,1,0.056,0,0,20.0,31.0,0,1,0,0,0,0,3165,5,65,0,0,0
S7_combined_stress,intersection_combined_stress,adaptive_only,10,300.0,4.207,13,3.0,57.0,5.6,77.0,19,19.0,1,0.053,0,0,19.0,41.0,0,3,0,0,0,0,3205,5,70,0,0,0
S7_combined_stress,intersection_combined_stress,adaptive_only,11,300.0,4.357,12,3.0,62.0,5.0,68.0,18,18.0,1,0.056,0,0,20.0,36.0,0,2,0,0,0,0,3196,5,73,0,0,0
S7_combined_stress,intersection_combined_stress,adaptive_only,12,300.0,4.323,13,3.0,56.0,3.7,56.0,18,18.0,1,0.056,0,0,20.0,26.0,0,0,0,0,0,0,3197,5,69,0,0,0
S7_combined_stress,intersection_combined_stress,adaptive_only,13,300.0,4.757,13,3.0,61.0,4.9,66.0,18,18.0,1,0.056,0,0,20.0,36.0,0,2,0,0,0,0,3194,5,62,0,0,0
S7_combined_stress,intersection_combined_stress,adaptive_only,14,300.0,4.563,13,3.1,59.0,5.6,68.0,18,18.0,1,0.056,0,0,22.0,37.0,0,3,0,0,0,0,3200,5,74,0,0,0
S7_combined_stress,intersection_combined_stress,adaptive_only,15,300.0,3.84,12,2.5,59.0,4.8,68.0,18,18.0,0,0.0,0,0,18.0,35.0,0,3,0,0,0,0,3209,5,60,0,0,0
S7_combined_stress,intersection_combined_stress,adaptive_only,16,300.0,4.393,14,2.9,60.0,4.4,62.0,18,18.0,1,0.056,0,0,19.0,32.0,0,1,0,0,0,0,3210,5,68,0,0,0
S7_combined_stress,intersection_combined_stress,adaptive_only,17,300.0,3.79,11,2.7,55.0,5.3,68.0,18,18.0,1,0.056,0,0,20.0,36.0,0,4,0,0,0,0,3190,5,63,0,0,0
S7_combined_stress,intersection_combined_stress,adaptive_only,18,300.0,4.027,12,2.9,60.0,5.5,68.0,18,18.0,1,0.056,0,0,21.0,38.0,0,3,0,0,0,0,3169,5,66,0,0,0
S7_combined_stress,intersection_combined_stress,adaptive_only,19,300.0,3.757,11,2.5,56.0,4.9,70.0,18,18.0,1,0.056,0,0,18.0,33.0,0,2,0,0,0,0,3195,5,71,0,0,0
S7_combined_stress,intersection_combined_stress,adaptive_shield,0,300.0,3.737,12,3.0,61.0,5.6,73.0,18,18.0,1,0.056,0,5,20.0,39.0,0,3,5,2,12,5,3253,5,60,0,0,0
S7_combined_stress,intersection_combined_stress,adaptive_shield,1,300.0,4.337,13,3.3,55.0,5.2,79.0,18,18.0,1,0.056,0,2,20.0,39.0,0,3,2,2,13,3,3252,5,70,0,0,0
S7_combined_stress,intersection_combined_stress,adaptive_shield,2,300.0,4.15,13,2.5,44.0,5.5,73.0,18,18.0,1,0.056,0,4,17.0,39.0,0,2,4,2,13,4,3266,5,66,0,0,0
S7_combined_stress,intersection_combined_stress,adaptive_shield,3,300.0,4.687,14,3.1,59.0,5.6,76.0,18,18.0,0,0.0,0,4,21.0,40.0,0,3,4,1,14,2,3254,5,64,0,0,0
S7_combined_stress,intersection_combined_stress,adaptive_shield,4,300.0,4.887,13,3.7,66.0,5.0,72.0,18,18.0,0,0.0,0,3,22.0,38.0,0,2,3,2,16,2,3242,5,67,0,0,0
S7_combined_stress,intersection_combined_stress,adaptive_shield,5,300.0,4.43,13,3.2,60.0,5.2,84.0,17,17.0,1,0.059,0,3,21.0,39.0,0,2,3,2,15,2,3313,5,65,0,0,0
S7_combined_stress,intersection_combined_stress,adaptive_shield,6,300.0,3.86,13,3.0,60.0,5.2,75.0,18,18.0,1,0.056,0,2,21.0,36.0,0,3,2,2,13,4,3244,5,72,0,0,0
S7_combined_stress,intersection_combined_stress,adaptive_shield,7,300.0,4.217,14,2.8,55.0,4.8,64.0,18,18.0,0,0.0,0,6,19.0,32.0,0,2,6,1,14,3,3251,5,73,0,0,0
S7_combined_stress,intersection_combined_stress,adaptive_shield,8,300.0,3.677,13,2.7,57.0,5.0,66.0,18,18.0,0,0.0,0,5,19.0,35.0,0,1,5,0,13,4,3222,5,68,0,0,0
S7_combined_stress,intersection_combined_stress,adaptive_shield,9,300.0,3.927,11,2.6,44.0,5.0,72.0,18,18.0,1,0.056,0,3,18.0,36.0,0,1,3,2,14,3,3262,5,65,0,0,0
S7_combined_stress,intersection_combined_stress,adaptive_shield,10,300.0,4.387,11,2.9,53.0,5.1,74.0,18,18.0,1,0.056,0,4,20.0,37.0,0,3,4,2,15,2,3257,5,70,0,0,0
S7_combined_stress,intersection_combined_stress,adaptive_shield,11,300.0,3.847,12,2.9,55.0,4.9,74.0,18,18.0,1,0.056,0,3,20.0,36.0,0,2,3,2,13,4,3247,5,73,0,0,0
S7_combined_stress,intersection_combined_stress,adaptive_shield,12,300.0,3.73,11,2.4,57.0,6.3,75.0,17,17.0,1,0.059,0,4,18.0,42.0,0,3,4,2,13,4,3263,5,69,0,0,0
S7_combined_stress,intersection_combined_stress,adaptive_shield,13,300.0,4.333,14,2.6,47.0,4.7,65.0,18,18.0,1,0.056,0,6,18.0,34.0,0,1,6,2,14,3,3265,5,62,0,0,0
S7_combined_stress,intersection_combined_stress,adaptive_shield,14,300.0,4.157,13,2.7,49.0,6.5,95.0,18,18.0,1,0.056,0,2,19.0,46.0,0,4,2,2,13,4,3262,5,74,0,0,0
S7_combined_stress,intersection_combined_stress,adaptive_shield,15,300.0,4.013,11,2.6,43.0,5.3,72.0,18,18.0,1,0.056,0,2,18.0,38.0,0,2,2,2,14,3,3264,5,60,0,0,0
S7_combined_stress,intersection_combined_stress,adaptive_shield,16,300.0,4.05,12,2.6,56.0,6.2,75.0,17,17.0,1,0.059,0,5,18.0,42.0,0,5,5,2,13,4,3259,5,68,0,0,0
S7_combined_stress,intersection_combined_stress,adaptive_shield,17,300.0,4.18,12,2.9,52.0,4.8,67.0,18,18.0,0,0.0,0,3,20.0,35.0,0,1,3,1,14,3,3237,5,63,0,0,0
S7_combined_stress,intersection_combined_stress,adaptive_shield,18,300.0,3.927,11,2.7,56.0,5.5,72.0,18,18.0,0,0.0,0,6,19.0,38.0,0,1,6,0,14,3,3249,5,66,0,0,0
S7_combined_stress,intersection_combined_stress,adaptive_shield,19,300.0,4.017,10,2.6,44.0,4.7,65.0,18,18.0,1,0.056,0,2,18.0,32.0,0,3,2,2,16,1,3247,5,71,0,0,0
